,mos,img,ref_img,haze_img
Regular/Dehaze/Adirondack_Berman16.png,52.021643509480775,Adirondack,Regular/Reference/Adirondack.png,Regular/Hazy/Adirondack.png
Regular/Dehaze/Adirondack_Cai16.png,49.8766740940837,Adirondack,Regular/Reference/Adirondack.png,Regular/Hazy/Adirondack.png
Regular/Dehaze/Adirondack_Fattal08.png,21.75062952622824,Adirondack,Regular/Reference/Adirondack.png,Regular/Hazy/Adirondack.png
Regular/Dehaze/Adirondack_He09.png,53.91747524455668,Adirondack,Regular/Reference/Adirondack.png,Regular/Hazy/Adirondack.png
Regular/Dehaze/Adirondack_Lai12.png,40.084140451592276,Adirondack,Regular/Reference/Adirondack.png,Regular/Hazy/Adirondack.png
Regular/Dehaze/Adirondack_Meng13.png,48.25585132302794,Adirondack,Regular/Reference/Adirondack.png,Regular/Hazy/Adirondack.png
Regular/Dehaze/Adirondack_Tarel09.png,48.3719983665853,Adirondack,Regular/Reference/Adirondack.png,Regular/Hazy/Adirondack.png
Regular/Dehaze/Adirondack_Xiao12.png,53.47137058240809,Adirondack,Regular/Reference/Adirondack.png,Regular/Hazy/Adirondack.png
Regular/Dehaze/Art_Berman16.png,61.56169600561737,Art,Regular/Reference/Art.png,Regular/Hazy/Art.png
Regular/Dehaze/Art_Cai16.png,53.287875208614174,Art,Regular/Reference/Art.png,Regular/Hazy/Art.png
Regular/Dehaze/Art_Fattal08.png,44.953715565515346,Art,Regular/Reference/Art.png,Regular/Hazy/Art.png
Regular/Dehaze/Art_He09.png,62.81492906720334,Art,Regular/Reference/Art.png,Regular/Hazy/Art.png
Regular/Dehaze/Art_Lai12.png,52.67688995025795,Art,Regular/Reference/Art.png,Regular/Hazy/Art.png
Regular/Dehaze/Art_Meng13.png,65.41757544092395,Art,Regular/Reference/Art.png,Regular/Hazy/Art.png
Regular/Dehaze/Art_Tarel09.png,43.69265159464272,Art,Regular/Reference/Art.png,Regular/Hazy/Art.png
Regular/Dehaze/Art_Xiao12.png,59.21492711643043,Art,Regular/Reference/Art.png,Regular/Hazy/Art.png
Regular/Dehaze/Baby2_Berman16.png,50.10271205845257,Baby2,Regular/Reference/Baby2.png,Regular/Hazy/Baby2.png
Regular/Dehaze/Baby2_Cai16.png,38.275789311327536,Baby2,Regular/Reference/Baby2.png,Regular/Hazy/Baby2.png
Regular/Dehaze/Baby2_Fattal08.png,12.192536646974087,Baby2,Regular/Reference/Baby2.png,Regular/Hazy/Baby2.png
Regular/Dehaze/Baby2_He09.png,57.15536965834332,Baby2,Regular/Reference/Baby2.png,Regular/Hazy/Baby2.png
Regular/Dehaze/Baby2_Lai12.png,43.999212736845934,Baby2,Regular/Reference/Baby2.png,Regular/Hazy/Baby2.png
Regular/Dehaze/Baby2_Meng13.png,50.11632324601793,Baby2,Regular/Reference/Baby2.png,Regular/Hazy/Baby2.png
Regular/Dehaze/Baby2_Tarel09.png,49.68501634503148,Baby2,Regular/Reference/Baby2.png,Regular/Hazy/Baby2.png
Regular/Dehaze/Baby2_Xiao12.png,47.29369009670856,Baby2,Regular/Reference/Baby2.png,Regular/Hazy/Baby2.png
Regular/Dehaze/Backpack_Berman16.png,57.133080658404005,Backpack,Regular/Reference/Backpack.png,Regular/Hazy/Backpack.png
Regular/Dehaze/Backpack_Cai16.png,55.59732215302925,Backpack,Regular/Reference/Backpack.png,Regular/Hazy/Backpack.png
Regular/Dehaze/Backpack_Fattal08.png,24.965208544833207,Backpack,Regular/Reference/Backpack.png,Regular/Hazy/Backpack.png
Regular/Dehaze/Backpack_He09.png,62.09564209676266,Backpack,Regular/Reference/Backpack.png,Regular/Hazy/Backpack.png
Regular/Dehaze/Backpack_Lai12.png,49.16435450346503,Backpack,Regular/Reference/Backpack.png,Regular/Hazy/Backpack.png
Regular/Dehaze/Backpack_Meng13.png,65.39805272404567,Backpack,Regular/Reference/Backpack.png,Regular/Hazy/Backpack.png
Regular/Dehaze/Backpack_Tarel09.png,51.40871651114382,Backpack,Regular/Reference/Backpack.png,Regular/Hazy/Backpack.png
Regular/Dehaze/Backpack_Xiao12.png,63.50730492918343,Backpack,Regular/Reference/Backpack.png,Regular/Hazy/Backpack.png
Regular/Dehaze/Bicycle1_Berman16.png,41.27882989627973,Bicycle1,Regular/Reference/Bicycle1.png,Regular/Hazy/Bicycle1.png
Regular/Dehaze/Bicycle1_Cai16.png,49.50693124308789,Bicycle1,Regular/Reference/Bicycle1.png,Regular/Hazy/Bicycle1.png
Regular/Dehaze/Bicycle1_Fattal08.png,13.395854984223991,Bicycle1,Regular/Reference/Bicycle1.png,Regular/Hazy/Bicycle1.png
Regular/Dehaze/Bicycle1_He09.png,58.92423228248395,Bicycle1,Regular/Reference/Bicycle1.png,Regular/Hazy/Bicycle1.png
Regular/Dehaze/Bicycle1_Lai12.png,39.650699130629945,Bicycle1,Regular/Reference/Bicycle1.png,Regular/Hazy/Bicycle1.png
Regular/Dehaze/Bicycle1_Meng13.png,35.069336086872184,Bicycle1,Regular/Reference/Bicycle1.png,Regular/Hazy/Bicycle1.png
Regular/Dehaze/Bicycle1_Tarel09.png,40.79533439026939,Bicycle1,Regular/Reference/Bicycle1.png,Regular/Hazy/Bicycle1.png
Regular/Dehaze/Bicycle1_Xiao12.png,58.212730490057616,Bicycle1,Regular/Reference/Bicycle1.png,Regular/Hazy/Bicycle1.png
Regular/Dehaze/Books_Berman16.png,78.1296482172593,Books,Regular/Reference/Books.png,Regular/Hazy/Books.png
Regular/Dehaze/Books_Cai16.png,67.58361490180192,Books,Regular/Reference/Books.png,Regular/Hazy/Books.png
Regular/Dehaze/Books_Fattal08.png,18.861629010310995,Books,Regular/Reference/Books.png,Regular/Hazy/Books.png
Regular/Dehaze/Books_He09.png,76.6582743342745,Books,Regular/Reference/Books.png,Regular/Hazy/Books.png
Regular/Dehaze/Books_Lai12.png,57.56827406729403,Books,Regular/Reference/Books.png,Regular/Hazy/Books.png
Regular/Dehaze/Books_Meng13.png,68.37818550444362,Books,Regular/Reference/Books.png,Regular/Hazy/Books.png
Regular/Dehaze/Books_Tarel09.png,51.13124135545783,Books,Regular/Reference/Books.png,Regular/Hazy/Books.png
Regular/Dehaze/Books_Xiao12.png,74.74864126315165,Books,Regular/Reference/Books.png,Regular/Hazy/Books.png
Regular/Dehaze/Bowling1_Berman16.png,46.5197895723005,Bowling1,Regular/Reference/Bowling1.png,Regular/Hazy/Bowling1.png
Regular/Dehaze/Bowling1_Cai16.png,44.22410486103235,Bowling1,Regular/Reference/Bowling1.png,Regular/Hazy/Bowling1.png
Regular/Dehaze/Bowling1_Fattal08.png,14.380834789081858,Bowling1,Regular/Reference/Bowling1.png,Regular/Hazy/Bowling1.png
Regular/Dehaze/Bowling1_He09.png,54.77848319794367,Bowling1,Regular/Reference/Bowling1.png,Regular/Hazy/Bowling1.png
Regular/Dehaze/Bowling1_Lai12.png,43.68535970848782,Bowling1,Regular/Reference/Bowling1.png,Regular/Hazy/Bowling1.png
Regular/Dehaze/Bowling1_Meng13.png,51.76930639801667,Bowling1,Regular/Reference/Bowling1.png,Regular/Hazy/Bowling1.png
Regular/Dehaze/Bowling1_Tarel09.png,46.06290170187584,Bowling1,Regular/Reference/Bowling1.png,Regular/Hazy/Bowling1.png
Regular/Dehaze/Bowling1_Xiao12.png,54.5128440316524,Bowling1,Regular/Reference/Bowling1.png,Regular/Hazy/Bowling1.png
Regular/Dehaze/Bowling2_Berman16.png,69.16621849053183,Bowling2,Regular/Reference/Bowling2.png,Regular/Hazy/Bowling2.png
Regular/Dehaze/Bowling2_Cai16.png,57.664170001216334,Bowling2,Regular/Reference/Bowling2.png,Regular/Hazy/Bowling2.png
Regular/Dehaze/Bowling2_Fattal08.png,30.592591729056192,Bowling2,Regular/Reference/Bowling2.png,Regular/Hazy/Bowling2.png
Regular/Dehaze/Bowling2_He09.png,62.68787846079526,Bowling2,Regular/Reference/Bowling2.png,Regular/Hazy/Bowling2.png
Regular/Dehaze/Bowling2_Lai12.png,55.762555045803346,Bowling2,Regular/Reference/Bowling2.png,Regular/Hazy/Bowling2.png
Regular/Dehaze/Bowling2_Meng13.png,56.07879297539432,Bowling2,Regular/Reference/Bowling2.png,Regular/Hazy/Bowling2.png
Regular/Dehaze/Bowling2_Tarel09.png,60.50829516831824,Bowling2,Regular/Reference/Bowling2.png,Regular/Hazy/Bowling2.png
Regular/Dehaze/Bowling2_Xiao12.png,62.85435615767923,Bowling2,Regular/Reference/Bowling2.png,Regular/Hazy/Bowling2.png
Regular/Dehaze/Cable_Berman16.png,40.93240784093922,Cable,Regular/Reference/Cable.png,Regular/Hazy/Cable.png
Regular/Dehaze/Cable_Cai16.png,48.56135221362185,Cable,Regular/Reference/Cable.png,Regular/Hazy/Cable.png
Regular/Dehaze/Cable_Fattal08.png,14.660160554210755,Cable,Regular/Reference/Cable.png,Regular/Hazy/Cable.png
Regular/Dehaze/Cable_He09.png,43.252896015212336,Cable,Regular/Reference/Cable.png,Regular/Hazy/Cable.png
Regular/Dehaze/Cable_Lai12.png,39.00968635273065,Cable,Regular/Reference/Cable.png,Regular/Hazy/Cable.png
Regular/Dehaze/Cable_Meng13.png,39.18478065958063,Cable,Regular/Reference/Cable.png,Regular/Hazy/Cable.png
Regular/Dehaze/Cable_Tarel09.png,41.94339858229365,Cable,Regular/Reference/Cable.png,Regular/Hazy/Cable.png
Regular/Dehaze/Cable_Xiao12.png,52.51594595981815,Cable,Regular/Reference/Cable.png,Regular/Hazy/Cable.png
Regular/Dehaze/Classroom1_Berman16.png,71.58264981965988,Classroom1,Regular/Reference/Classroom1.png,Regular/Hazy/Classroom1.png
Regular/Dehaze/Classroom1_Cai16.png,51.90850436270571,Classroom1,Regular/Reference/Classroom1.png,Regular/Hazy/Classroom1.png
Regular/Dehaze/Classroom1_Fattal08.png,21.255266923499885,Classroom1,Regular/Reference/Classroom1.png,Regular/Hazy/Classroom1.png
Regular/Dehaze/Classroom1_He09.png,72.33067945463394,Classroom1,Regular/Reference/Classroom1.png,Regular/Hazy/Classroom1.png
Regular/Dehaze/Classroom1_Lai12.png,43.10773265183225,Classroom1,Regular/Reference/Classroom1.png,Regular/Hazy/Classroom1.png
Regular/Dehaze/Classroom1_Meng13.png,72.29335454117376,Classroom1,Regular/Reference/Classroom1.png,Regular/Hazy/Classroom1.png
Regular/Dehaze/Classroom1_Tarel09.png,58.55383005299342,Classroom1,Regular/Reference/Classroom1.png,Regular/Hazy/Classroom1.png
Regular/Dehaze/Classroom1_Xiao12.png,66.23900570408802,Classroom1,Regular/Reference/Classroom1.png,Regular/Hazy/Classroom1.png
Regular/Dehaze/Cloth2_Berman16.png,71.20053196599711,Cloth2,Regular/Reference/Cloth2.png,Regular/Hazy/Cloth2.png
Regular/Dehaze/Cloth2_Cai16.png,55.41640771254361,Cloth2,Regular/Reference/Cloth2.png,Regular/Hazy/Cloth2.png
Regular/Dehaze/Cloth2_Fattal08.png,36.30641392699135,Cloth2,Regular/Reference/Cloth2.png,Regular/Hazy/Cloth2.png
Regular/Dehaze/Cloth2_He09.png,65.28534643172569,Cloth2,Regular/Reference/Cloth2.png,Regular/Hazy/Cloth2.png
Regular/Dehaze/Cloth2_Lai12.png,55.23906246731161,Cloth2,Regular/Reference/Cloth2.png,Regular/Hazy/Cloth2.png
Regular/Dehaze/Cloth2_Meng13.png,64.29606915239717,Cloth2,Regular/Reference/Cloth2.png,Regular/Hazy/Cloth2.png
Regular/Dehaze/Cloth2_Tarel09.png,65.1576191743942,Cloth2,Regular/Reference/Cloth2.png,Regular/Hazy/Cloth2.png
Regular/Dehaze/Cloth2_Xiao12.png,60.52044859451006,Cloth2,Regular/Reference/Cloth2.png,Regular/Hazy/Cloth2.png
Regular/Dehaze/Cloth4_Berman16.png,52.07096748679712,Cloth4,Regular/Reference/Cloth4.png,Regular/Hazy/Cloth4.png
Regular/Dehaze/Cloth4_Cai16.png,61.56184649380091,Cloth4,Regular/Reference/Cloth4.png,Regular/Hazy/Cloth4.png
Regular/Dehaze/Cloth4_Fattal08.png,32.113469996618825,Cloth4,Regular/Reference/Cloth4.png,Regular/Hazy/Cloth4.png
Regular/Dehaze/Cloth4_He09.png,58.596301346989534,Cloth4,Regular/Reference/Cloth4.png,Regular/Hazy/Cloth4.png
Regular/Dehaze/Cloth4_Lai12.png,49.041862279068674,Cloth4,Regular/Reference/Cloth4.png,Regular/Hazy/Cloth4.png
Regular/Dehaze/Cloth4_Meng13.png,50.34513707299618,Cloth4,Regular/Reference/Cloth4.png,Regular/Hazy/Cloth4.png
Regular/Dehaze/Cloth4_Tarel09.png,57.08650789767644,Cloth4,Regular/Reference/Cloth4.png,Regular/Hazy/Cloth4.png
Regular/Dehaze/Cloth4_Xiao12.png,59.25399834988777,Cloth4,Regular/Reference/Cloth4.png,Regular/Hazy/Cloth4.png
Regular/Dehaze/Couch_Berman16.png,56.95112999539507,Couch,Regular/Reference/Couch.png,Regular/Hazy/Couch.png
Regular/Dehaze/Couch_Cai16.png,56.44914765266318,Couch,Regular/Reference/Couch.png,Regular/Hazy/Couch.png
Regular/Dehaze/Couch_Fattal08.png,34.17939066651739,Couch,Regular/Reference/Couch.png,Regular/Hazy/Couch.png
Regular/Dehaze/Couch_He09.png,61.84316319362198,Couch,Regular/Reference/Couch.png,Regular/Hazy/Couch.png
Regular/Dehaze/Couch_Lai12.png,46.178911427382296,Couch,Regular/Reference/Couch.png,Regular/Hazy/Couch.png
Regular/Dehaze/Couch_Meng13.png,63.299887964830475,Couch,Regular/Reference/Couch.png,Regular/Hazy/Couch.png
Regular/Dehaze/Couch_Tarel09.png,48.60452690711928,Couch,Regular/Reference/Couch.png,Regular/Hazy/Couch.png
Regular/Dehaze/Couch_Xiao12.png,60.17444903499804,Couch,Regular/Reference/Couch.png,Regular/Hazy/Couch.png
Regular/Dehaze/Dolls_Berman16.png,72.89124082573741,Dolls,Regular/Reference/Dolls.png,Regular/Hazy/Dolls.png
Regular/Dehaze/Dolls_Cai16.png,55.776057202734286,Dolls,Regular/Reference/Dolls.png,Regular/Hazy/Dolls.png
Regular/Dehaze/Dolls_Fattal08.png,26.146567394937577,Dolls,Regular/Reference/Dolls.png,Regular/Hazy/Dolls.png
Regular/Dehaze/Dolls_He09.png,62.43265100620432,Dolls,Regular/Reference/Dolls.png,Regular/Hazy/Dolls.png
Regular/Dehaze/Dolls_Lai12.png,52.62177497330555,Dolls,Regular/Reference/Dolls.png,Regular/Hazy/Dolls.png
Regular/Dehaze/Dolls_Meng13.png,74.24037983494745,Dolls,Regular/Reference/Dolls.png,Regular/Hazy/Dolls.png
Regular/Dehaze/Dolls_Tarel09.png,49.54384061260625,Dolls,Regular/Reference/Dolls.png,Regular/Hazy/Dolls.png
Regular/Dehaze/Dolls_Xiao12.png,57.06952238099261,Dolls,Regular/Reference/Dolls.png,Regular/Hazy/Dolls.png
Regular/Dehaze/Flowers_Berman16.png,58.23077263725873,Flowers,Regular/Reference/Flowers.png,Regular/Hazy/Flowers.png
Regular/Dehaze/Flowers_Cai16.png,47.78567622658047,Flowers,Regular/Reference/Flowers.png,Regular/Hazy/Flowers.png
Regular/Dehaze/Flowers_Fattal08.png,27.55738221782464,Flowers,Regular/Reference/Flowers.png,Regular/Hazy/Flowers.png
Regular/Dehaze/Flowers_He09.png,50.397602166426275,Flowers,Regular/Reference/Flowers.png,Regular/Hazy/Flowers.png
Regular/Dehaze/Flowers_Lai12.png,37.51946421780295,Flowers,Regular/Reference/Flowers.png,Regular/Hazy/Flowers.png
Regular/Dehaze/Flowers_Meng13.png,32.99379510952889,Flowers,Regular/Reference/Flowers.png,Regular/Hazy/Flowers.png
Regular/Dehaze/Flowers_Tarel09.png,47.78007180700809,Flowers,Regular/Reference/Flowers.png,Regular/Hazy/Flowers.png
Regular/Dehaze/Flowers_Xiao12.png,57.25992240163519,Flowers,Regular/Reference/Flowers.png,Regular/Hazy/Flowers.png
Regular/Dehaze/Lampshade1_Berman16.png,42.886134253680574,Lampshade1,Regular/Reference/Lampshade1.png,Regular/Hazy/Lampshade1.png
Regular/Dehaze/Lampshade1_Cai16.png,45.51719076593984,Lampshade1,Regular/Reference/Lampshade1.png,Regular/Hazy/Lampshade1.png
Regular/Dehaze/Lampshade1_Fattal08.png,18.996400525279967,Lampshade1,Regular/Reference/Lampshade1.png,Regular/Hazy/Lampshade1.png
Regular/Dehaze/Lampshade1_He09.png,60.96362274364996,Lampshade1,Regular/Reference/Lampshade1.png,Regular/Hazy/Lampshade1.png
Regular/Dehaze/Lampshade1_Lai12.png,51.63178498366894,Lampshade1,Regular/Reference/Lampshade1.png,Regular/Hazy/Lampshade1.png
Regular/Dehaze/Lampshade1_Meng13.png,46.78171777053354,Lampshade1,Regular/Reference/Lampshade1.png,Regular/Hazy/Lampshade1.png
Regular/Dehaze/Lampshade1_Tarel09.png,53.176903587236424,Lampshade1,Regular/Reference/Lampshade1.png,Regular/Hazy/Lampshade1.png
Regular/Dehaze/Lampshade1_Xiao12.png,55.90921881004546,Lampshade1,Regular/Reference/Lampshade1.png,Regular/Hazy/Lampshade1.png
Regular/Dehaze/Laundry_Berman16.png,67.99714362455988,Laundry,Regular/Reference/Laundry.png,Regular/Hazy/Laundry.png
Regular/Dehaze/Laundry_Cai16.png,55.81294188355364,Laundry,Regular/Reference/Laundry.png,Regular/Hazy/Laundry.png
Regular/Dehaze/Laundry_Fattal08.png,18.390913591679027,Laundry,Regular/Reference/Laundry.png,Regular/Hazy/Laundry.png
Regular/Dehaze/Laundry_He09.png,63.43472586772765,Laundry,Regular/Reference/Laundry.png,Regular/Hazy/Laundry.png
Regular/Dehaze/Laundry_Lai12.png,44.525989408246694,Laundry,Regular/Reference/Laundry.png,Regular/Hazy/Laundry.png
Regular/Dehaze/Laundry_Meng13.png,67.59663962121712,Laundry,Regular/Reference/Laundry.png,Regular/Hazy/Laundry.png
Regular/Dehaze/Laundry_Tarel09.png,52.250398478382834,Laundry,Regular/Reference/Laundry.png,Regular/Hazy/Laundry.png
Regular/Dehaze/Laundry_Xiao12.png,66.42517254069615,Laundry,Regular/Reference/Laundry.png,Regular/Hazy/Laundry.png
Regular/Dehaze/Mask_Berman16.png,58.381686501944415,Mask,Regular/Reference/Mask.png,Regular/Hazy/Mask.png
Regular/Dehaze/Mask_Cai16.png,56.34712881705428,Mask,Regular/Reference/Mask.png,Regular/Hazy/Mask.png
Regular/Dehaze/Mask_Fattal08.png,23.70932310131009,Mask,Regular/Reference/Mask.png,Regular/Hazy/Mask.png
Regular/Dehaze/Mask_He09.png,58.40382542440084,Mask,Regular/Reference/Mask.png,Regular/Hazy/Mask.png
Regular/Dehaze/Mask_Lai12.png,56.97629346988631,Mask,Regular/Reference/Mask.png,Regular/Hazy/Mask.png
Regular/Dehaze/Mask_Meng13.png,46.33280418979043,Mask,Regular/Reference/Mask.png,Regular/Hazy/Mask.png
Regular/Dehaze/Mask_Tarel09.png,57.552404360568985,Mask,Regular/Reference/Mask.png,Regular/Hazy/Mask.png
Regular/Dehaze/Mask_Xiao12.png,68.39185386268612,Mask,Regular/Reference/Mask.png,Regular/Hazy/Mask.png
Regular/Dehaze/Midd1_Berman16.png,48.23289880398805,Midd1,Regular/Reference/Midd1.png,Regular/Hazy/Midd1.png
Regular/Dehaze/Midd1_Cai16.png,58.99817197752664,Midd1,Regular/Reference/Midd1.png,Regular/Hazy/Midd1.png
Regular/Dehaze/Midd1_Fattal08.png,21.3500248252489,Midd1,Regular/Reference/Midd1.png,Regular/Hazy/Midd1.png
Regular/Dehaze/Midd1_He09.png,45.516511386350736,Midd1,Regular/Reference/Midd1.png,Regular/Hazy/Midd1.png
Regular/Dehaze/Midd1_Lai12.png,49.77798754841564,Midd1,Regular/Reference/Midd1.png,Regular/Hazy/Midd1.png
Regular/Dehaze/Midd1_Meng13.png,31.35992781751894,Midd1,Regular/Reference/Midd1.png,Regular/Hazy/Midd1.png
Regular/Dehaze/Midd1_Tarel09.png,52.28083317542506,Midd1,Regular/Reference/Midd1.png,Regular/Hazy/Midd1.png
Regular/Dehaze/Midd1_Xiao12.png,57.61130545234316,Midd1,Regular/Reference/Midd1.png,Regular/Hazy/Midd1.png
Regular/Dehaze/Moebius_Berman16.png,63.14932637681157,Moebius,Regular/Reference/Moebius.png,Regular/Hazy/Moebius.png
Regular/Dehaze/Moebius_Cai16.png,44.149396490743655,Moebius,Regular/Reference/Moebius.png,Regular/Hazy/Moebius.png
Regular/Dehaze/Moebius_Fattal08.png,36.12197094267097,Moebius,Regular/Reference/Moebius.png,Regular/Hazy/Moebius.png
Regular/Dehaze/Moebius_He09.png,58.925319780855155,Moebius,Regular/Reference/Moebius.png,Regular/Hazy/Moebius.png
Regular/Dehaze/Moebius_Lai12.png,41.907270489158165,Moebius,Regular/Reference/Moebius.png,Regular/Hazy/Moebius.png
Regular/Dehaze/Moebius_Meng13.png,59.87865432319587,Moebius,Regular/Reference/Moebius.png,Regular/Hazy/Moebius.png
Regular/Dehaze/Moebius_Tarel09.png,51.890928308674575,Moebius,Regular/Reference/Moebius.png,Regular/Hazy/Moebius.png
Regular/Dehaze/Moebius_Xiao12.png,52.43712991529635,Moebius,Regular/Reference/Moebius.png,Regular/Hazy/Moebius.png
Regular/Dehaze/Monopoly_Berman16.png,64.4799971262172,Monopoly,Regular/Reference/Monopoly.png,Regular/Hazy/Monopoly.png
Regular/Dehaze/Monopoly_Cai16.png,60.1042090846253,Monopoly,Regular/Reference/Monopoly.png,Regular/Hazy/Monopoly.png
Regular/Dehaze/Monopoly_Fattal08.png,34.93928657858831,Monopoly,Regular/Reference/Monopoly.png,Regular/Hazy/Monopoly.png
Regular/Dehaze/Monopoly_He09.png,63.9313707797594,Monopoly,Regular/Reference/Monopoly.png,Regular/Hazy/Monopoly.png
Regular/Dehaze/Monopoly_Lai12.png,63.621980838796894,Monopoly,Regular/Reference/Monopoly.png,Regular/Hazy/Monopoly.png
Regular/Dehaze/Monopoly_Meng13.png,45.86627508447873,Monopoly,Regular/Reference/Monopoly.png,Regular/Hazy/Monopoly.png
Regular/Dehaze/Monopoly_Tarel09.png,54.673727325202094,Monopoly,Regular/Reference/Monopoly.png,Regular/Hazy/Monopoly.png
Regular/Dehaze/Monopoly_Xiao12.png,69.75943456638181,Monopoly,Regular/Reference/Monopoly.png,Regular/Hazy/Monopoly.png
Regular/Dehaze/Motorcycle_Berman16.png,66.9157668414404,Motorcycle,Regular/Reference/Motorcycle.png,Regular/Hazy/Motorcycle.png
Regular/Dehaze/Motorcycle_Cai16.png,60.932224218840155,Motorcycle,Regular/Reference/Motorcycle.png,Regular/Hazy/Motorcycle.png
Regular/Dehaze/Motorcycle_Fattal08.png,21.137305864513063,Motorcycle,Regular/Reference/Motorcycle.png,Regular/Hazy/Motorcycle.png
Regular/Dehaze/Motorcycle_He09.png,62.71573234660926,Motorcycle,Regular/Reference/Motorcycle.png,Regular/Hazy/Motorcycle.png
Regular/Dehaze/Motorcycle_Lai12.png,62.871084408681995,Motorcycle,Regular/Reference/Motorcycle.png,Regular/Hazy/Motorcycle.png
Regular/Dehaze/Motorcycle_Meng13.png,62.26459651584876,Motorcycle,Regular/Reference/Motorcycle.png,Regular/Hazy/Motorcycle.png
Regular/Dehaze/Motorcycle_Tarel09.png,52.18913046382031,Motorcycle,Regular/Reference/Motorcycle.png,Regular/Hazy/Motorcycle.png
Regular/Dehaze/Motorcycle_Xiao12.png,66.16419673590316,Motorcycle,Regular/Reference/Motorcycle.png,Regular/Hazy/Motorcycle.png
Regular/Dehaze/Piano_Berman16.png,61.78666040841551,Piano,Regular/Reference/Piano.png,Regular/Hazy/Piano.png
Regular/Dehaze/Piano_Cai16.png,46.59392199231644,Piano,Regular/Reference/Piano.png,Regular/Hazy/Piano.png
Regular/Dehaze/Piano_Fattal08.png,24.663450891951502,Piano,Regular/Reference/Piano.png,Regular/Hazy/Piano.png
Regular/Dehaze/Piano_He09.png,58.286809276838284,Piano,Regular/Reference/Piano.png,Regular/Hazy/Piano.png
Regular/Dehaze/Piano_Lai12.png,45.24536080328305,Piano,Regular/Reference/Piano.png,Regular/Hazy/Piano.png
Regular/Dehaze/Piano_Meng13.png,61.31461991319429,Piano,Regular/Reference/Piano.png,Regular/Hazy/Piano.png
Regular/Dehaze/Piano_Tarel09.png,49.86545992273549,Piano,Regular/Reference/Piano.png,Regular/Hazy/Piano.png
Regular/Dehaze/Piano_Xiao12.png,52.01372366528023,Piano,Regular/Reference/Piano.png,Regular/Hazy/Piano.png
Regular/Dehaze/Pipes_Berman16.png,57.677303637359564,Pipes,Regular/Reference/Pipes.png,Regular/Hazy/Pipes.png
Regular/Dehaze/Pipes_Cai16.png,58.86969035008183,Pipes,Regular/Reference/Pipes.png,Regular/Hazy/Pipes.png
Regular/Dehaze/Pipes_Fattal08.png,22.2800860811049,Pipes,Regular/Reference/Pipes.png,Regular/Hazy/Pipes.png
Regular/Dehaze/Pipes_He09.png,63.61597274875426,Pipes,Regular/Reference/Pipes.png,Regular/Hazy/Pipes.png
Regular/Dehaze/Pipes_Lai12.png,60.32857607343315,Pipes,Regular/Reference/Pipes.png,Regular/Hazy/Pipes.png
Regular/Dehaze/Pipes_Meng13.png,67.9305735712884,Pipes,Regular/Reference/Pipes.png,Regular/Hazy/Pipes.png
Regular/Dehaze/Pipes_Tarel09.png,49.076216696759055,Pipes,Regular/Reference/Pipes.png,Regular/Hazy/Pipes.png
Regular/Dehaze/Pipes_Xiao12.png,64.97002721940213,Pipes,Regular/Reference/Pipes.png,Regular/Hazy/Pipes.png
Regular/Dehaze/Plastic_Berman16.png,66.4834590594049,Plastic,Regular/Reference/Plastic.png,Regular/Hazy/Plastic.png
Regular/Dehaze/Plastic_Cai16.png,58.68956356198785,Plastic,Regular/Reference/Plastic.png,Regular/Hazy/Plastic.png
Regular/Dehaze/Plastic_Fattal08.png,36.41799766356317,Plastic,Regular/Reference/Plastic.png,Regular/Hazy/Plastic.png
Regular/Dehaze/Plastic_He09.png,66.47373871568068,Plastic,Regular/Reference/Plastic.png,Regular/Hazy/Plastic.png
Regular/Dehaze/Plastic_Lai12.png,61.50488753333484,Plastic,Regular/Reference/Plastic.png,Regular/Hazy/Plastic.png
Regular/Dehaze/Plastic_Meng13.png,63.018733532513764,Plastic,Regular/Reference/Plastic.png,Regular/Hazy/Plastic.png
Regular/Dehaze/Plastic_Tarel09.png,52.32971611062669,Plastic,Regular/Reference/Plastic.png,Regular/Hazy/Plastic.png
Regular/Dehaze/Plastic_Xiao12.png,61.43387921388927,Plastic,Regular/Reference/Plastic.png,Regular/Hazy/Plastic.png
Regular/Dehaze/Playroom_Berman16.png,60.102213800419754,Playroom,Regular/Reference/Playroom.png,Regular/Hazy/Playroom.png
Regular/Dehaze/Playroom_Cai16.png,48.31814876617588,Playroom,Regular/Reference/Playroom.png,Regular/Hazy/Playroom.png
Regular/Dehaze/Playroom_Fattal08.png,17.022739266721445,Playroom,Regular/Reference/Playroom.png,Regular/Hazy/Playroom.png
Regular/Dehaze/Playroom_He09.png,47.42361803823811,Playroom,Regular/Reference/Playroom.png,Regular/Hazy/Playroom.png
Regular/Dehaze/Playroom_Lai12.png,44.29774341976196,Playroom,Regular/Reference/Playroom.png,Regular/Hazy/Playroom.png
Regular/Dehaze/Playroom_Meng13.png,51.62768106888358,Playroom,Regular/Reference/Playroom.png,Regular/Hazy/Playroom.png
Regular/Dehaze/Playroom_Tarel09.png,53.021287501452456,Playroom,Regular/Reference/Playroom.png,Regular/Hazy/Playroom.png
Regular/Dehaze/Playroom_Xiao12.png,52.02368914802751,Playroom,Regular/Reference/Playroom.png,Regular/Hazy/Playroom.png
Regular/Dehaze/Playtable_Berman16.png,61.59700472971002,Playtable,Regular/Reference/Playtable.png,Regular/Hazy/Playtable.png
Regular/Dehaze/Playtable_Cai16.png,57.88294881863545,Playtable,Regular/Reference/Playtable.png,Regular/Hazy/Playtable.png
Regular/Dehaze/Playtable_Fattal08.png,29.35061599212963,Playtable,Regular/Reference/Playtable.png,Regular/Hazy/Playtable.png
Regular/Dehaze/Playtable_He09.png,60.26698085938252,Playtable,Regular/Reference/Playtable.png,Regular/Hazy/Playtable.png
Regular/Dehaze/Playtable_Lai12.png,56.36838266948226,Playtable,Regular/Reference/Playtable.png,Regular/Hazy/Playtable.png
Regular/Dehaze/Playtable_Meng13.png,46.76310512918975,Playtable,Regular/Reference/Playtable.png,Regular/Hazy/Playtable.png
Regular/Dehaze/Playtable_Tarel09.png,51.966595320782424,Playtable,Regular/Reference/Playtable.png,Regular/Hazy/Playtable.png
Regular/Dehaze/Playtable_Xiao12.png,59.935315448418336,Playtable,Regular/Reference/Playtable.png,Regular/Hazy/Playtable.png
Regular/Dehaze/Recycle_Berman16.png,50.38589431953559,Recycle,Regular/Reference/Recycle.png,Regular/Hazy/Recycle.png
Regular/Dehaze/Recycle_Cai16.png,51.22318661879473,Recycle,Regular/Reference/Recycle.png,Regular/Hazy/Recycle.png
Regular/Dehaze/Recycle_Fattal08.png,23.300329910459492,Recycle,Regular/Reference/Recycle.png,Regular/Hazy/Recycle.png
Regular/Dehaze/Recycle_He09.png,52.358834558369566,Recycle,Regular/Reference/Recycle.png,Regular/Hazy/Recycle.png
Regular/Dehaze/Recycle_Lai12.png,45.0685340075434,Recycle,Regular/Reference/Recycle.png,Regular/Hazy/Recycle.png
Regular/Dehaze/Recycle_Meng13.png,45.582226437753484,Recycle,Regular/Reference/Recycle.png,Regular/Hazy/Recycle.png
Regular/Dehaze/Recycle_Tarel09.png,55.27880654062426,Recycle,Regular/Reference/Recycle.png,Regular/Hazy/Recycle.png
Regular/Dehaze/Recycle_Xiao12.png,65.8036397542555,Recycle,Regular/Reference/Recycle.png,Regular/Hazy/Recycle.png
Regular/Dehaze/Reindeer_Berman16.png,47.017487145678196,Reindeer,Regular/Reference/Reindeer.png,Regular/Hazy/Reindeer.png
Regular/Dehaze/Reindeer_Cai16.png,43.21454558911005,Reindeer,Regular/Reference/Reindeer.png,Regular/Hazy/Reindeer.png
Regular/Dehaze/Reindeer_Fattal08.png,23.97695210478973,Reindeer,Regular/Reference/Reindeer.png,Regular/Hazy/Reindeer.png
Regular/Dehaze/Reindeer_He09.png,43.73375029524402,Reindeer,Regular/Reference/Reindeer.png,Regular/Hazy/Reindeer.png
Regular/Dehaze/Reindeer_Lai12.png,36.25851784306888,Reindeer,Regular/Reference/Reindeer.png,Regular/Hazy/Reindeer.png
Regular/Dehaze/Reindeer_Meng13.png,34.61752163320149,Reindeer,Regular/Reference/Reindeer.png,Regular/Hazy/Reindeer.png
Regular/Dehaze/Reindeer_Tarel09.png,46.876863784220795,Reindeer,Regular/Reference/Reindeer.png,Regular/Hazy/Reindeer.png
Regular/Dehaze/Reindeer_Xiao12.png,52.18460030899871,Reindeer,Regular/Reference/Reindeer.png,Regular/Hazy/Reindeer.png
Regular/Dehaze/Rocks2_Berman16.png,60.931604376782964,Rocks2,Regular/Reference/Rocks2.png,Regular/Hazy/Rocks2.png
Regular/Dehaze/Rocks2_Cai16.png,48.912967776720215,Rocks2,Regular/Reference/Rocks2.png,Regular/Hazy/Rocks2.png
Regular/Dehaze/Rocks2_Fattal08.png,33.206426788796925,Rocks2,Regular/Reference/Rocks2.png,Regular/Hazy/Rocks2.png
Regular/Dehaze/Rocks2_He09.png,63.74622669848109,Rocks2,Regular/Reference/Rocks2.png,Regular/Hazy/Rocks2.png
Regular/Dehaze/Rocks2_Lai12.png,41.53055163384251,Rocks2,Regular/Reference/Rocks2.png,Regular/Hazy/Rocks2.png
Regular/Dehaze/Rocks2_Meng13.png,62.72443297686225,Rocks2,Regular/Reference/Rocks2.png,Regular/Hazy/Rocks2.png
Regular/Dehaze/Rocks2_Tarel09.png,55.55415270512542,Rocks2,Regular/Reference/Rocks2.png,Regular/Hazy/Rocks2.png
Regular/Dehaze/Rocks2_Xiao12.png,54.082775721703086,Rocks2,Regular/Reference/Rocks2.png,Regular/Hazy/Rocks2.png
Regular/Dehaze/Shelves_Berman16.png,68.38384701899729,Shelves,Regular/Reference/Shelves.png,Regular/Hazy/Shelves.png
Regular/Dehaze/Shelves_Cai16.png,65.13167101599174,Shelves,Regular/Reference/Shelves.png,Regular/Hazy/Shelves.png
Regular/Dehaze/Shelves_Fattal08.png,20.017432523729905,Shelves,Regular/Reference/Shelves.png,Regular/Hazy/Shelves.png
Regular/Dehaze/Shelves_He09.png,66.08379430541848,Shelves,Regular/Reference/Shelves.png,Regular/Hazy/Shelves.png
Regular/Dehaze/Shelves_Lai12.png,55.532122166469634,Shelves,Regular/Reference/Shelves.png,Regular/Hazy/Shelves.png
Regular/Dehaze/Shelves_Meng13.png,62.199632082689625,Shelves,Regular/Reference/Shelves.png,Regular/Hazy/Shelves.png
Regular/Dehaze/Shelves_Tarel09.png,53.78266876539868,Shelves,Regular/Reference/Shelves.png,Regular/Hazy/Shelves.png
Regular/Dehaze/Shelves_Xiao12.png,67.15400210098001,Shelves,Regular/Reference/Shelves.png,Regular/Hazy/Shelves.png
Regular/Dehaze/Shopvac_Berman16.png,52.9077982245033,Shopvac,Regular/Reference/Shopvac.png,Regular/Hazy/Shopvac.png
Regular/Dehaze/Shopvac_Cai16.png,45.584588497054995,Shopvac,Regular/Reference/Shopvac.png,Regular/Hazy/Shopvac.png
Regular/Dehaze/Shopvac_Fattal08.png,31.30517041772688,Shopvac,Regular/Reference/Shopvac.png,Regular/Hazy/Shopvac.png
Regular/Dehaze/Shopvac_He09.png,51.32774262263995,Shopvac,Regular/Reference/Shopvac.png,Regular/Hazy/Shopvac.png
Regular/Dehaze/Shopvac_Lai12.png,45.53338446066583,Shopvac,Regular/Reference/Shopvac.png,Regular/Hazy/Shopvac.png
Regular/Dehaze/Shopvac_Meng13.png,45.24793895765044,Shopvac,Regular/Reference/Shopvac.png,Regular/Hazy/Shopvac.png
Regular/Dehaze/Shopvac_Tarel09.png,48.02500382135371,Shopvac,Regular/Reference/Shopvac.png,Regular/Hazy/Shopvac.png
Regular/Dehaze/Shopvac_Xiao12.png,51.828075852159245,Shopvac,Regular/Reference/Shopvac.png,Regular/Hazy/Shopvac.png
Regular/Dehaze/Sticks_Berman16.png,55.98985139016405,Sticks,Regular/Reference/Sticks.png,Regular/Hazy/Sticks.png
Regular/Dehaze/Sticks_Cai16.png,51.17475928037042,Sticks,Regular/Reference/Sticks.png,Regular/Hazy/Sticks.png
Regular/Dehaze/Sticks_Fattal08.png,23.288298208564925,Sticks,Regular/Reference/Sticks.png,Regular/Hazy/Sticks.png
Regular/Dehaze/Sticks_He09.png,67.92076221591583,Sticks,Regular/Reference/Sticks.png,Regular/Hazy/Sticks.png
Regular/Dehaze/Sticks_Lai12.png,47.40060444768324,Sticks,Regular/Reference/Sticks.png,Regular/Hazy/Sticks.png
Regular/Dehaze/Sticks_Meng13.png,65.85636604218922,Sticks,Regular/Reference/Sticks.png,Regular/Hazy/Sticks.png
Regular/Dehaze/Sticks_Tarel09.png,51.47591588991247,Sticks,Regular/Reference/Sticks.png,Regular/Hazy/Sticks.png
Regular/Dehaze/Sticks_Xiao12.png,57.08568698541682,Sticks,Regular/Reference/Sticks.png,Regular/Hazy/Sticks.png
Regular/Dehaze/Storage_Berman16.png,63.118928182324666,Storage,Regular/Reference/Storage.png,Regular/Hazy/Storage.png
Regular/Dehaze/Storage_Cai16.png,61.17898715004158,Storage,Regular/Reference/Storage.png,Regular/Hazy/Storage.png
Regular/Dehaze/Storage_Fattal08.png,40.88681806581632,Storage,Regular/Reference/Storage.png,Regular/Hazy/Storage.png
Regular/Dehaze/Storage_He09.png,60.98451507776681,Storage,Regular/Reference/Storage.png,Regular/Hazy/Storage.png
Regular/Dehaze/Storage_Lai12.png,52.816710145849434,Storage,Regular/Reference/Storage.png,Regular/Hazy/Storage.png
Regular/Dehaze/Storage_Meng13.png,48.99836748649327,Storage,Regular/Reference/Storage.png,Regular/Hazy/Storage.png
Regular/Dehaze/Storage_Tarel09.png,56.59037538920525,Storage,Regular/Reference/Storage.png,Regular/Hazy/Storage.png
Regular/Dehaze/Storage_Xiao12.png,64.98243733917207,Storage,Regular/Reference/Storage.png,Regular/Hazy/Storage.png
Regular/Dehaze/Sword1_Berman16.png,64.46139548070266,Sword1,Regular/Reference/Sword1.png,Regular/Hazy/Sword1.png
Regular/Dehaze/Sword1_Cai16.png,60.25512366859483,Sword1,Regular/Reference/Sword1.png,Regular/Hazy/Sword1.png
Regular/Dehaze/Sword1_Fattal08.png,21.786006496950193,Sword1,Regular/Reference/Sword1.png,Regular/Hazy/Sword1.png
Regular/Dehaze/Sword1_He09.png,76.24144808642056,Sword1,Regular/Reference/Sword1.png,Regular/Hazy/Sword1.png
Regular/Dehaze/Sword1_Lai12.png,53.95559419547972,Sword1,Regular/Reference/Sword1.png,Regular/Hazy/Sword1.png
Regular/Dehaze/Sword1_Meng13.png,68.58617234105756,Sword1,Regular/Reference/Sword1.png,Regular/Hazy/Sword1.png
Regular/Dehaze/Sword1_Tarel09.png,53.9986998962232,Sword1,Regular/Reference/Sword1.png,Regular/Hazy/Sword1.png
Regular/Dehaze/Sword1_Xiao12.png,70.6055438542814,Sword1,Regular/Reference/Sword1.png,Regular/Hazy/Sword1.png
Regular/Dehaze/Sword2_Berman16.png,34.246794484700004,Sword2,Regular/Reference/Sword2.png,Regular/Hazy/Sword2.png
Regular/Dehaze/Sword2_Cai16.png,36.8164766539444,Sword2,Regular/Reference/Sword2.png,Regular/Hazy/Sword2.png
Regular/Dehaze/Sword2_Fattal08.png,29.67714237606113,Sword2,Regular/Reference/Sword2.png,Regular/Hazy/Sword2.png
Regular/Dehaze/Sword2_He09.png,34.0748095677446,Sword2,Regular/Reference/Sword2.png,Regular/Hazy/Sword2.png
Regular/Dehaze/Sword2_Lai12.png,34.52766693899408,Sword2,Regular/Reference/Sword2.png,Regular/Hazy/Sword2.png
Regular/Dehaze/Sword2_Meng13.png,32.12831184458959,Sword2,Regular/Reference/Sword2.png,Regular/Hazy/Sword2.png
Regular/Dehaze/Sword2_Tarel09.png,41.8864375322582,Sword2,Regular/Reference/Sword2.png,Regular/Hazy/Sword2.png
Regular/Dehaze/Sword2_Xiao12.png,37.67034001355826,Sword2,Regular/Reference/Sword2.png,Regular/Hazy/Sword2.png
Regular/Dehaze/Umbrella_Berman16.png,56.916720901062405,Umbrella,Regular/Reference/Umbrella.png,Regular/Hazy/Umbrella.png
Regular/Dehaze/Umbrella_Cai16.png,56.90824974055688,Umbrella,Regular/Reference/Umbrella.png,Regular/Hazy/Umbrella.png
Regular/Dehaze/Umbrella_Fattal08.png,13.663267741255432,Umbrella,Regular/Reference/Umbrella.png,Regular/Hazy/Umbrella.png
Regular/Dehaze/Umbrella_He09.png,48.50865201047007,Umbrella,Regular/Reference/Umbrella.png,Regular/Hazy/Umbrella.png
Regular/Dehaze/Umbrella_Lai12.png,58.55907605760915,Umbrella,Regular/Reference/Umbrella.png,Regular/Hazy/Umbrella.png
Regular/Dehaze/Umbrella_Meng13.png,38.5139277089669,Umbrella,Regular/Reference/Umbrella.png,Regular/Hazy/Umbrella.png
Regular/Dehaze/Umbrella_Tarel09.png,55.03989680469118,Umbrella,Regular/Reference/Umbrella.png,Regular/Hazy/Umbrella.png
Regular/Dehaze/Umbrella_Xiao12.png,53.82433361259721,Umbrella,Regular/Reference/Umbrella.png,Regular/Hazy/Umbrella.png
Regular/Dehaze/Vintage_Berman16.png,54.05003675429381,Vintage,Regular/Reference/Vintage.png,Regular/Hazy/Vintage.png
Regular/Dehaze/Vintage_Cai16.png,75.51872706889382,Vintage,Regular/Reference/Vintage.png,Regular/Hazy/Vintage.png
Regular/Dehaze/Vintage_Fattal08.png,13.218525872410618,Vintage,Regular/Reference/Vintage.png,Regular/Hazy/Vintage.png
Regular/Dehaze/Vintage_He09.png,63.58905473649965,Vintage,Regular/Reference/Vintage.png,Regular/Hazy/Vintage.png
Regular/Dehaze/Vintage_Lai12.png,59.19464906060725,Vintage,Regular/Reference/Vintage.png,Regular/Hazy/Vintage.png
Regular/Dehaze/Vintage_Meng13.png,37.22545839811929,Vintage,Regular/Reference/Vintage.png,Regular/Hazy/Vintage.png
Regular/Dehaze/Vintage_Tarel09.png,54.475428307630374,Vintage,Regular/Reference/Vintage.png,Regular/Hazy/Vintage.png
Regular/Dehaze/Vintage_Xiao12.png,72.62998882394564,Vintage,Regular/Reference/Vintage.png,Regular/Hazy/Vintage.png
Regular/Dehaze/flower1_Berman16.png,57.52633203949591,flower1,Regular/Reference/flower1.png,Regular/Hazy/flower1.png
Regular/Dehaze/flower1_Cai16.png,71.99667418477748,flower1,Regular/Reference/flower1.png,Regular/Hazy/flower1.png
Regular/Dehaze/flower1_Fattal08.png,26.116114442651376,flower1,Regular/Reference/flower1.png,Regular/Hazy/flower1.png
Regular/Dehaze/flower1_He09.png,68.97813270412951,flower1,Regular/Reference/flower1.png,Regular/Hazy/flower1.png
Regular/Dehaze/flower1_Lai12.png,64.02624608078145,flower1,Regular/Reference/flower1.png,Regular/Hazy/flower1.png
Regular/Dehaze/flower1_Meng13.png,48.54323151694734,flower1,Regular/Reference/flower1.png,Regular/Hazy/flower1.png
Regular/Dehaze/flower1_Tarel09.png,54.79806325002499,flower1,Regular/Reference/flower1.png,Regular/Hazy/flower1.png
Regular/Dehaze/flower1_Xiao12.png,68.49593750201997,flower1,Regular/Reference/flower1.png,Regular/Hazy/flower1.png
Regular/Dehaze/flower2_Berman16.png,58.478572143056944,flower2,Regular/Reference/flower2.png,Regular/Hazy/flower2.png
Regular/Dehaze/flower2_Cai16.png,72.12489234210831,flower2,Regular/Reference/flower2.png,Regular/Hazy/flower2.png
Regular/Dehaze/flower2_Fattal08.png,27.99041750113869,flower2,Regular/Reference/flower2.png,Regular/Hazy/flower2.png
Regular/Dehaze/flower2_He09.png,76.71158666253571,flower2,Regular/Reference/flower2.png,Regular/Hazy/flower2.png
Regular/Dehaze/flower2_Lai12.png,66.70674802898775,flower2,Regular/Reference/flower2.png,Regular/Hazy/flower2.png
Regular/Dehaze/flower2_Meng13.png,51.91698343470442,flower2,Regular/Reference/flower2.png,Regular/Hazy/flower2.png
Regular/Dehaze/flower2_Tarel09.png,53.77183385990591,flower2,Regular/Reference/flower2.png,Regular/Hazy/flower2.png
Regular/Dehaze/flower2_Xiao12.png,74.03360281081466,flower2,Regular/Reference/flower2.png,Regular/Hazy/flower2.png
Regular/Dehaze/lawn1_D1_Berman16.png,44.51717897308952,lawn1_D1,Regular/Reference/lawn1_D1.png,Regular/Hazy/lawn1_D1.png
Regular/Dehaze/lawn1_D1_Cai16.png,38.96420978418472,lawn1_D1,Regular/Reference/lawn1_D1.png,Regular/Hazy/lawn1_D1.png
Regular/Dehaze/lawn1_D1_Fattal08.png,20.847899753104087,lawn1_D1,Regular/Reference/lawn1_D1.png,Regular/Hazy/lawn1_D1.png
Regular/Dehaze/lawn1_D1_He09.png,43.122160586253905,lawn1_D1,Regular/Reference/lawn1_D1.png,Regular/Hazy/lawn1_D1.png
Regular/Dehaze/lawn1_D1_Lai12.png,27.124154648092343,lawn1_D1,Regular/Reference/lawn1_D1.png,Regular/Hazy/lawn1_D1.png
Regular/Dehaze/lawn1_D1_Meng13.png,41.3263219860374,lawn1_D1,Regular/Reference/lawn1_D1.png,Regular/Hazy/lawn1_D1.png
Regular/Dehaze/lawn1_D1_Tarel09.png,35.824581585908,lawn1_D1,Regular/Reference/lawn1_D1.png,Regular/Hazy/lawn1_D1.png
Regular/Dehaze/lawn1_D1_Xiao12.png,41.743031854770464,lawn1_D1,Regular/Reference/lawn1_D1.png,Regular/Hazy/lawn1_D1.png
Regular/Dehaze/lawn2_Berman16.png,56.58689881052946,lawn2,Regular/Reference/lawn2.png,Regular/Hazy/lawn2.png
Regular/Dehaze/lawn2_Cai16.png,47.06381696830332,lawn2,Regular/Reference/lawn2.png,Regular/Hazy/lawn2.png
Regular/Dehaze/lawn2_Fattal08.png,27.21470633297866,lawn2,Regular/Reference/lawn2.png,Regular/Hazy/lawn2.png
Regular/Dehaze/lawn2_He09.png,39.90504028270303,lawn2,Regular/Reference/lawn2.png,Regular/Hazy/lawn2.png
Regular/Dehaze/lawn2_Lai12.png,37.69484523277333,lawn2,Regular/Reference/lawn2.png,Regular/Hazy/lawn2.png
Regular/Dehaze/lawn2_Meng13.png,30.463050033477323,lawn2,Regular/Reference/lawn2.png,Regular/Hazy/lawn2.png
Regular/Dehaze/lawn2_Tarel09.png,41.40393492502216,lawn2,Regular/Reference/lawn2.png,Regular/Hazy/lawn2.png
Regular/Dehaze/lawn2_Xiao12.png,52.13180273237034,lawn2,Regular/Reference/lawn2.png,Regular/Hazy/lawn2.png
Regular/Dehaze/mansion_D1_Berman16.png,63.524481974186635,mansion_D1,Regular/Reference/mansion_D1.png,Regular/Hazy/mansion_D1.png
Regular/Dehaze/mansion_D1_Cai16.png,50.273639457140504,mansion_D1,Regular/Reference/mansion_D1.png,Regular/Hazy/mansion_D1.png
Regular/Dehaze/mansion_D1_Fattal08.png,19.189636231382735,mansion_D1,Regular/Reference/mansion_D1.png,Regular/Hazy/mansion_D1.png
Regular/Dehaze/mansion_D1_He09.png,70.14380028449898,mansion_D1,Regular/Reference/mansion_D1.png,Regular/Hazy/mansion_D1.png
Regular/Dehaze/mansion_D1_Lai12.png,44.005046322152914,mansion_D1,Regular/Reference/mansion_D1.png,Regular/Hazy/mansion_D1.png
Regular/Dehaze/mansion_D1_Meng13.png,79.30601122406604,mansion_D1,Regular/Reference/mansion_D1.png,Regular/Hazy/mansion_D1.png
Regular/Dehaze/mansion_D1_Tarel09.png,45.776879322061376,mansion_D1,Regular/Reference/mansion_D1.png,Regular/Hazy/mansion_D1.png
Regular/Dehaze/mansion_D1_Xiao12.png,56.94817287916601,mansion_D1,Regular/Reference/mansion_D1.png,Regular/Hazy/mansion_D1.png
Regular/Dehaze/road1_D1_Berman16.png,64.35752487718906,road1_D1,Regular/Reference/road1_D1.png,Regular/Hazy/road1_D1.png
Regular/Dehaze/road1_D1_Cai16.png,43.846421262937945,road1_D1,Regular/Reference/road1_D1.png,Regular/Hazy/road1_D1.png
Regular/Dehaze/road1_D1_Fattal08.png,22.316671188499686,road1_D1,Regular/Reference/road1_D1.png,Regular/Hazy/road1_D1.png
Regular/Dehaze/road1_D1_He09.png,49.17562457668058,road1_D1,Regular/Reference/road1_D1.png,Regular/Hazy/road1_D1.png
Regular/Dehaze/road1_D1_Lai12.png,38.936090653262724,road1_D1,Regular/Reference/road1_D1.png,Regular/Hazy/road1_D1.png
Regular/Dehaze/road1_D1_Meng13.png,47.68718073349753,road1_D1,Regular/Reference/road1_D1.png,Regular/Hazy/road1_D1.png
Regular/Dehaze/road1_D1_Tarel09.png,39.71579141127288,road1_D1,Regular/Reference/road1_D1.png,Regular/Hazy/road1_D1.png
Regular/Dehaze/road1_D1_Xiao12.png,47.618781899481014,road1_D1,Regular/Reference/road1_D1.png,Regular/Hazy/road1_D1.png
Regular/Dehaze/road2_Berman16.png,58.60717427769901,road2,Regular/Reference/road2.png,Regular/Hazy/road2.png
Regular/Dehaze/road2_Cai16.png,60.3340296565679,road2,Regular/Reference/road2.png,Regular/Hazy/road2.png
Regular/Dehaze/road2_Fattal08.png,38.23192269239624,road2,Regular/Reference/road2.png,Regular/Hazy/road2.png
Regular/Dehaze/road2_He09.png,48.60334608708559,road2,Regular/Reference/road2.png,Regular/Hazy/road2.png
Regular/Dehaze/road2_Lai12.png,37.5197459959393,road2,Regular/Reference/road2.png,Regular/Hazy/road2.png
Regular/Dehaze/road2_Meng13.png,27.54440021203569,road2,Regular/Reference/road2.png,Regular/Hazy/road2.png
Regular/Dehaze/road2_Tarel09.png,41.04852044789722,road2,Regular/Reference/road2.png,Regular/Hazy/road2.png
Regular/Dehaze/road2_Xiao12.png,60.202346178744655,road2,Regular/Reference/road2.png,Regular/Hazy/road2.png
Aerial/Dehaze/airport_Berman16.png,73.43224159282909,airport,Aerial/Reference/airport.png,Aerial/Hazy/airport.png
Aerial/Dehaze/airport_Cai16.png,65.26312113821128,airport,Aerial/Reference/airport.png,Aerial/Hazy/airport.png
Aerial/Dehaze/airport_Fattal08.png,43.38917899252066,airport,Aerial/Reference/airport.png,Aerial/Hazy/airport.png
Aerial/Dehaze/airport_He09.png,76.78265745209579,airport,Aerial/Reference/airport.png,Aerial/Hazy/airport.png
Aerial/Dehaze/airport_Lai12.png,44.68197896334366,airport,Aerial/Reference/airport.png,Aerial/Hazy/airport.png
Aerial/Dehaze/airport_Meng13.png,74.75473246517488,airport,Aerial/Reference/airport.png,Aerial/Hazy/airport.png
Aerial/Dehaze/airport_Tarel09.png,35.83851379557451,airport,Aerial/Reference/airport.png,Aerial/Hazy/airport.png
Aerial/Dehaze/airport_Xiao12.png,74.55818528132308,airport,Aerial/Reference/airport.png,Aerial/Hazy/airport.png
Aerial/Dehaze/bareland_Berman16.png,36.42450302083975,bareland,Aerial/Reference/bareland.png,Aerial/Hazy/bareland.png
Aerial/Dehaze/bareland_Cai16.png,43.99905594746543,bareland,Aerial/Reference/bareland.png,Aerial/Hazy/bareland.png
Aerial/Dehaze/bareland_Fattal08.png,40.578309707496636,bareland,Aerial/Reference/bareland.png,Aerial/Hazy/bareland.png
Aerial/Dehaze/bareland_He09.png,78.33442206810332,bareland,Aerial/Reference/bareland.png,Aerial/Hazy/bareland.png
Aerial/Dehaze/bareland_Lai12.png,44.33755938073915,bareland,Aerial/Reference/bareland.png,Aerial/Hazy/bareland.png
Aerial/Dehaze/bareland_Meng13.png,24.970203813684257,bareland,Aerial/Reference/bareland.png,Aerial/Hazy/bareland.png
Aerial/Dehaze/bareland_Tarel09.png,37.14207653060194,bareland,Aerial/Reference/bareland.png,Aerial/Hazy/bareland.png
Aerial/Dehaze/bareland_Xiao12.png,76.66051120148975,bareland,Aerial/Reference/bareland.png,Aerial/Hazy/bareland.png
Aerial/Dehaze/baseballfield_Berman16.png,76.47083237304457,baseballfield,Aerial/Reference/baseballfield.png,Aerial/Hazy/baseballfield.png
Aerial/Dehaze/baseballfield_Cai16.png,50.07499217777005,baseballfield,Aerial/Reference/baseballfield.png,Aerial/Hazy/baseballfield.png
Aerial/Dehaze/baseballfield_Fattal08.png,40.3038335134018,baseballfield,Aerial/Reference/baseballfield.png,Aerial/Hazy/baseballfield.png
Aerial/Dehaze/baseballfield_He09.png,77.35271214643043,baseballfield,Aerial/Reference/baseballfield.png,Aerial/Hazy/baseballfield.png
Aerial/Dehaze/baseballfield_Lai12.png,43.78598729478502,baseballfield,Aerial/Reference/baseballfield.png,Aerial/Hazy/baseballfield.png
Aerial/Dehaze/baseballfield_Meng13.png,76.54594374010685,baseballfield,Aerial/Reference/baseballfield.png,Aerial/Hazy/baseballfield.png
Aerial/Dehaze/baseballfield_Tarel09.png,37.669097700835806,baseballfield,Aerial/Reference/baseballfield.png,Aerial/Hazy/baseballfield.png
Aerial/Dehaze/baseballfield_Xiao12.png,57.54616975773118,baseballfield,Aerial/Reference/baseballfield.png,Aerial/Hazy/baseballfield.png
Aerial/Dehaze/beach_Berman16.png,64.04567765063067,beach,Aerial/Reference/beach.png,Aerial/Hazy/beach.png
Aerial/Dehaze/beach_Cai16.png,36.630079154620425,beach,Aerial/Reference/beach.png,Aerial/Hazy/beach.png
Aerial/Dehaze/beach_Fattal08.png,23.12878595988879,beach,Aerial/Reference/beach.png,Aerial/Hazy/beach.png
Aerial/Dehaze/beach_He09.png,72.44040080651742,beach,Aerial/Reference/beach.png,Aerial/Hazy/beach.png
Aerial/Dehaze/beach_Lai12.png,32.492920267351096,beach,Aerial/Reference/beach.png,Aerial/Hazy/beach.png
Aerial/Dehaze/beach_Meng13.png,38.91088626443345,beach,Aerial/Reference/beach.png,Aerial/Hazy/beach.png
Aerial/Dehaze/beach_Tarel09.png,33.15973777518426,beach,Aerial/Reference/beach.png,Aerial/Hazy/beach.png
Aerial/Dehaze/beach_Xiao12.png,40.79787931466746,beach,Aerial/Reference/beach.png,Aerial/Hazy/beach.png
Aerial/Dehaze/bridge_Berman16.png,62.63050159229676,bridge,Aerial/Reference/bridge.png,Aerial/Hazy/bridge.png
Aerial/Dehaze/bridge_Cai16.png,36.84152710214593,bridge,Aerial/Reference/bridge.png,Aerial/Hazy/bridge.png
Aerial/Dehaze/bridge_Fattal08.png,27.546994429407047,bridge,Aerial/Reference/bridge.png,Aerial/Hazy/bridge.png
Aerial/Dehaze/bridge_He09.png,59.5001859733406,bridge,Aerial/Reference/bridge.png,Aerial/Hazy/bridge.png
Aerial/Dehaze/bridge_Lai12.png,33.200464884060295,bridge,Aerial/Reference/bridge.png,Aerial/Hazy/bridge.png
Aerial/Dehaze/bridge_Meng13.png,51.81246108412748,bridge,Aerial/Reference/bridge.png,Aerial/Hazy/bridge.png
Aerial/Dehaze/bridge_Tarel09.png,31.0206884340292,bridge,Aerial/Reference/bridge.png,Aerial/Hazy/bridge.png
Aerial/Dehaze/bridge_Xiao12.png,39.16389898843525,bridge,Aerial/Reference/bridge.png,Aerial/Hazy/bridge.png
Aerial/Dehaze/center_Berman16.png,46.41212687614298,center,Aerial/Reference/center.png,Aerial/Hazy/center.png
Aerial/Dehaze/center_Cai16.png,48.7440781983658,center,Aerial/Reference/center.png,Aerial/Hazy/center.png
Aerial/Dehaze/center_Fattal08.png,28.410318313928556,center,Aerial/Reference/center.png,Aerial/Hazy/center.png
Aerial/Dehaze/center_He09.png,70.5354145367372,center,Aerial/Reference/center.png,Aerial/Hazy/center.png
Aerial/Dehaze/center_Lai12.png,41.55416201676783,center,Aerial/Reference/center.png,Aerial/Hazy/center.png
Aerial/Dehaze/center_Meng13.png,77.0857795219581,center,Aerial/Reference/center.png,Aerial/Hazy/center.png
Aerial/Dehaze/center_Tarel09.png,39.16844114875096,center,Aerial/Reference/center.png,Aerial/Hazy/center.png
Aerial/Dehaze/center_Xiao12.png,54.687005617361336,center,Aerial/Reference/center.png,Aerial/Hazy/center.png
Aerial/Dehaze/church_Berman16.png,56.76951728143628,church,Aerial/Reference/church.png,Aerial/Hazy/church.png
Aerial/Dehaze/church_Cai16.png,42.68336069697492,church,Aerial/Reference/church.png,Aerial/Hazy/church.png
Aerial/Dehaze/church_Fattal08.png,36.18610392983233,church,Aerial/Reference/church.png,Aerial/Hazy/church.png
Aerial/Dehaze/church_He09.png,59.065999412449074,church,Aerial/Reference/church.png,Aerial/Hazy/church.png
Aerial/Dehaze/church_Lai12.png,40.09521003114284,church,Aerial/Reference/church.png,Aerial/Hazy/church.png
Aerial/Dehaze/church_Meng13.png,35.77446906325418,church,Aerial/Reference/church.png,Aerial/Hazy/church.png
Aerial/Dehaze/church_Tarel09.png,35.33927149267755,church,Aerial/Reference/church.png,Aerial/Hazy/church.png
Aerial/Dehaze/church_Xiao12.png,49.23764190615902,church,Aerial/Reference/church.png,Aerial/Hazy/church.png
Aerial/Dehaze/commercial_Berman16.png,68.2411992626497,commercial,Aerial/Reference/commercial.png,Aerial/Hazy/commercial.png
Aerial/Dehaze/commercial_Cai16.png,34.832701977506844,commercial,Aerial/Reference/commercial.png,Aerial/Hazy/commercial.png
Aerial/Dehaze/commercial_Fattal08.png,14.512741985638666,commercial,Aerial/Reference/commercial.png,Aerial/Hazy/commercial.png
Aerial/Dehaze/commercial_He09.png,48.54336214813469,commercial,Aerial/Reference/commercial.png,Aerial/Hazy/commercial.png
Aerial/Dehaze/commercial_Lai12.png,29.829548124914442,commercial,Aerial/Reference/commercial.png,Aerial/Hazy/commercial.png
Aerial/Dehaze/commercial_Meng13.png,47.586636054957054,commercial,Aerial/Reference/commercial.png,Aerial/Hazy/commercial.png
Aerial/Dehaze/commercial_Tarel09.png,26.552436255805826,commercial,Aerial/Reference/commercial.png,Aerial/Hazy/commercial.png
Aerial/Dehaze/commercial_Xiao12.png,35.89022244480527,commercial,Aerial/Reference/commercial.png,Aerial/Hazy/commercial.png
Aerial/Dehaze/denseresidential_Berman16.png,79.97319747545875,denseresidential,Aerial/Reference/denseresidential.png,Aerial/Hazy/denseresidential.png
Aerial/Dehaze/denseresidential_Cai16.png,41.2030102500327,denseresidential,Aerial/Reference/denseresidential.png,Aerial/Hazy/denseresidential.png
Aerial/Dehaze/denseresidential_Fattal08.png,37.81204786170607,denseresidential,Aerial/Reference/denseresidential.png,Aerial/Hazy/denseresidential.png
Aerial/Dehaze/denseresidential_He09.png,60.434957995574095,denseresidential,Aerial/Reference/denseresidential.png,Aerial/Hazy/denseresidential.png
Aerial/Dehaze/denseresidential_Lai12.png,40.01544744633018,denseresidential,Aerial/Reference/denseresidential.png,Aerial/Hazy/denseresidential.png
Aerial/Dehaze/denseresidential_Meng13.png,77.93184099656507,denseresidential,Aerial/Reference/denseresidential.png,Aerial/Hazy/denseresidential.png
Aerial/Dehaze/denseresidential_Tarel09.png,35.132281543378134,denseresidential,Aerial/Reference/denseresidential.png,Aerial/Hazy/denseresidential.png
Aerial/Dehaze/denseresidential_Xiao12.png,46.504924570147374,denseresidential,Aerial/Reference/denseresidential.png,Aerial/Hazy/denseresidential.png
Aerial/Dehaze/desert_Berman16.png,39.77707136491607,desert,Aerial/Reference/desert.png,Aerial/Hazy/desert.png
Aerial/Dehaze/desert_Cai16.png,35.23032150983676,desert,Aerial/Reference/desert.png,Aerial/Hazy/desert.png
Aerial/Dehaze/desert_Fattal08.png,32.84213868778156,desert,Aerial/Reference/desert.png,Aerial/Hazy/desert.png
Aerial/Dehaze/desert_He09.png,77.73060767653688,desert,Aerial/Reference/desert.png,Aerial/Hazy/desert.png
Aerial/Dehaze/desert_Lai12.png,34.70103364861484,desert,Aerial/Reference/desert.png,Aerial/Hazy/desert.png
Aerial/Dehaze/desert_Meng13.png,26.80635299214044,desert,Aerial/Reference/desert.png,Aerial/Hazy/desert.png
Aerial/Dehaze/desert_Tarel09.png,35.75706828053119,desert,Aerial/Reference/desert.png,Aerial/Hazy/desert.png
Aerial/Dehaze/desert_Xiao12.png,57.823272442276064,desert,Aerial/Reference/desert.png,Aerial/Hazy/desert.png
Aerial/Dehaze/farmland_Berman16.png,79.50936568613177,farmland,Aerial/Reference/farmland.png,Aerial/Hazy/farmland.png
Aerial/Dehaze/farmland_Cai16.png,40.67838073957917,farmland,Aerial/Reference/farmland.png,Aerial/Hazy/farmland.png
Aerial/Dehaze/farmland_Fattal08.png,27.301762664069553,farmland,Aerial/Reference/farmland.png,Aerial/Hazy/farmland.png
Aerial/Dehaze/farmland_He09.png,77.42267232156568,farmland,Aerial/Reference/farmland.png,Aerial/Hazy/farmland.png
Aerial/Dehaze/farmland_Lai12.png,33.50176026282669,farmland,Aerial/Reference/farmland.png,Aerial/Hazy/farmland.png
Aerial/Dehaze/farmland_Meng13.png,73.9769971831119,farmland,Aerial/Reference/farmland.png,Aerial/Hazy/farmland.png
Aerial/Dehaze/farmland_Tarel09.png,36.95394898680473,farmland,Aerial/Reference/farmland.png,Aerial/Hazy/farmland.png
Aerial/Dehaze/farmland_Xiao12.png,45.531404977234246,farmland,Aerial/Reference/farmland.png,Aerial/Hazy/farmland.png
Aerial/Dehaze/forest_Berman16.png,39.26852084624375,forest,Aerial/Reference/forest.png,Aerial/Hazy/forest.png
Aerial/Dehaze/forest_Cai16.png,40.574099754392975,forest,Aerial/Reference/forest.png,Aerial/Hazy/forest.png
Aerial/Dehaze/forest_Fattal08.png,36.984723997767304,forest,Aerial/Reference/forest.png,Aerial/Hazy/forest.png
Aerial/Dehaze/forest_He09.png,56.72803822851248,forest,Aerial/Reference/forest.png,Aerial/Hazy/forest.png
Aerial/Dehaze/forest_Lai12.png,40.29617879561009,forest,Aerial/Reference/forest.png,Aerial/Hazy/forest.png
Aerial/Dehaze/forest_Meng13.png,53.01624221018054,forest,Aerial/Reference/forest.png,Aerial/Hazy/forest.png
Aerial/Dehaze/forest_Tarel09.png,33.0974699690158,forest,Aerial/Reference/forest.png,Aerial/Hazy/forest.png
Aerial/Dehaze/forest_Xiao12.png,43.758076589001,forest,Aerial/Reference/forest.png,Aerial/Hazy/forest.png
Aerial/Dehaze/industrial_Berman16.png,53.76770632583664,industrial,Aerial/Reference/industrial.png,Aerial/Hazy/industrial.png
Aerial/Dehaze/industrial_Cai16.png,55.81260314388072,industrial,Aerial/Reference/industrial.png,Aerial/Hazy/industrial.png
Aerial/Dehaze/industrial_Fattal08.png,24.316292112987366,industrial,Aerial/Reference/industrial.png,Aerial/Hazy/industrial.png
Aerial/Dehaze/industrial_He09.png,63.0971283797822,industrial,Aerial/Reference/industrial.png,Aerial/Hazy/industrial.png
Aerial/Dehaze/industrial_Lai12.png,48.18871351952308,industrial,Aerial/Reference/industrial.png,Aerial/Hazy/industrial.png
Aerial/Dehaze/industrial_Meng13.png,74.8303483906434,industrial,Aerial/Reference/industrial.png,Aerial/Hazy/industrial.png
Aerial/Dehaze/industrial_Tarel09.png,41.456441426963195,industrial,Aerial/Reference/industrial.png,Aerial/Hazy/industrial.png
Aerial/Dehaze/industrial_Xiao12.png,73.88109873579234,industrial,Aerial/Reference/industrial.png,Aerial/Hazy/industrial.png
Aerial/Dehaze/meadow_Berman16.png,47.79026918675017,meadow,Aerial/Reference/meadow.png,Aerial/Hazy/meadow.png
Aerial/Dehaze/meadow_Cai16.png,52.47984165684566,meadow,Aerial/Reference/meadow.png,Aerial/Hazy/meadow.png
Aerial/Dehaze/meadow_Fattal08.png,48.458569821578536,meadow,Aerial/Reference/meadow.png,Aerial/Hazy/meadow.png
Aerial/Dehaze/meadow_He09.png,77.52376274927803,meadow,Aerial/Reference/meadow.png,Aerial/Hazy/meadow.png
Aerial/Dehaze/meadow_Lai12.png,44.91450585150159,meadow,Aerial/Reference/meadow.png,Aerial/Hazy/meadow.png
Aerial/Dehaze/meadow_Meng13.png,36.82942190976377,meadow,Aerial/Reference/meadow.png,Aerial/Hazy/meadow.png
Aerial/Dehaze/meadow_Tarel09.png,38.71087645514763,meadow,Aerial/Reference/meadow.png,Aerial/Hazy/meadow.png
Aerial/Dehaze/meadow_Xiao12.png,58.053334276348046,meadow,Aerial/Reference/meadow.png,Aerial/Hazy/meadow.png
Aerial/Dehaze/mediumresidential_Berman16.png,53.44157982182629,mediumresidential,Aerial/Reference/mediumresidential.png,Aerial/Hazy/mediumresidential.png
Aerial/Dehaze/mediumresidential_Cai16.png,62.71005769782884,mediumresidential,Aerial/Reference/mediumresidential.png,Aerial/Hazy/mediumresidential.png
Aerial/Dehaze/mediumresidential_Fattal08.png,49.293040052807065,mediumresidential,Aerial/Reference/mediumresidential.png,Aerial/Hazy/mediumresidential.png
Aerial/Dehaze/mediumresidential_He09.png,70.5266793482927,mediumresidential,Aerial/Reference/mediumresidential.png,Aerial/Hazy/mediumresidential.png
Aerial/Dehaze/mediumresidential_Lai12.png,46.302594589955525,mediumresidential,Aerial/Reference/mediumresidential.png,Aerial/Hazy/mediumresidential.png
Aerial/Dehaze/mediumresidential_Meng13.png,51.894272893473435,mediumresidential,Aerial/Reference/mediumresidential.png,Aerial/Hazy/mediumresidential.png
Aerial/Dehaze/mediumresidential_Tarel09.png,37.54307384009788,mediumresidential,Aerial/Reference/mediumresidential.png,Aerial/Hazy/mediumresidential.png
Aerial/Dehaze/mediumresidential_Xiao12.png,65.98768818707299,mediumresidential,Aerial/Reference/mediumresidential.png,Aerial/Hazy/mediumresidential.png
Aerial/Dehaze/mountain_Berman16.png,56.89097389617517,mountain,Aerial/Reference/mountain.png,Aerial/Hazy/mountain.png
Aerial/Dehaze/mountain_Cai16.png,60.09012909725372,mountain,Aerial/Reference/mountain.png,Aerial/Hazy/mountain.png
Aerial/Dehaze/mountain_Fattal08.png,22.27427206056783,mountain,Aerial/Reference/mountain.png,Aerial/Hazy/mountain.png
Aerial/Dehaze/mountain_He09.png,69.01014105425182,mountain,Aerial/Reference/mountain.png,Aerial/Hazy/mountain.png
Aerial/Dehaze/mountain_Lai12.png,48.717936476165384,mountain,Aerial/Reference/mountain.png,Aerial/Hazy/mountain.png
Aerial/Dehaze/mountain_Meng13.png,72.45133915041609,mountain,Aerial/Reference/mountain.png,Aerial/Hazy/mountain.png
Aerial/Dehaze/mountain_Tarel09.png,43.12163979023228,mountain,Aerial/Reference/mountain.png,Aerial/Hazy/mountain.png
Aerial/Dehaze/mountain_Xiao12.png,66.18105078171087,mountain,Aerial/Reference/mountain.png,Aerial/Hazy/mountain.png
Aerial/Dehaze/park_Berman16.png,48.6373710650819,park,Aerial/Reference/park.png,Aerial/Hazy/park.png
Aerial/Dehaze/park_Cai16.png,70.80509396874182,park,Aerial/Reference/park.png,Aerial/Hazy/park.png
Aerial/Dehaze/park_Fattal08.png,20.935933699100975,park,Aerial/Reference/park.png,Aerial/Hazy/park.png
Aerial/Dehaze/park_He09.png,70.49759676075375,park,Aerial/Reference/park.png,Aerial/Hazy/park.png
Aerial/Dehaze/park_Lai12.png,46.24856883516367,park,Aerial/Reference/park.png,Aerial/Hazy/park.png
Aerial/Dehaze/park_Meng13.png,69.35673961768049,park,Aerial/Reference/park.png,Aerial/Hazy/park.png
Aerial/Dehaze/park_Tarel09.png,39.62252941369281,park,Aerial/Reference/park.png,Aerial/Hazy/park.png
Aerial/Dehaze/park_Xiao12.png,72.76438825057201,park,Aerial/Reference/park.png,Aerial/Hazy/park.png
Aerial/Dehaze/parking_Berman16.png,49.727433229583475,parking,Aerial/Reference/parking.png,Aerial/Hazy/parking.png
Aerial/Dehaze/parking_Cai16.png,67.83125433780634,parking,Aerial/Reference/parking.png,Aerial/Hazy/parking.png
Aerial/Dehaze/parking_Fattal08.png,42.69591030309373,parking,Aerial/Reference/parking.png,Aerial/Hazy/parking.png
Aerial/Dehaze/parking_He09.png,74.49925715760097,parking,Aerial/Reference/parking.png,Aerial/Hazy/parking.png
Aerial/Dehaze/parking_Lai12.png,44.97087358170853,parking,Aerial/Reference/parking.png,Aerial/Hazy/parking.png
Aerial/Dehaze/parking_Meng13.png,66.24293495412606,parking,Aerial/Reference/parking.png,Aerial/Hazy/parking.png
Aerial/Dehaze/parking_Tarel09.png,35.90945745754069,parking,Aerial/Reference/parking.png,Aerial/Hazy/parking.png
Aerial/Dehaze/parking_Xiao12.png,69.65502055529984,parking,Aerial/Reference/parking.png,Aerial/Hazy/parking.png
Aerial/Dehaze/playground_Berman16.png,68.35079002726505,playground,Aerial/Reference/playground.png,Aerial/Hazy/playground.png
Aerial/Dehaze/playground_Cai16.png,41.1703667792194,playground,Aerial/Reference/playground.png,Aerial/Hazy/playground.png
Aerial/Dehaze/playground_Fattal08.png,32.9188614586477,playground,Aerial/Reference/playground.png,Aerial/Hazy/playground.png
Aerial/Dehaze/playground_He09.png,72.95746019247294,playground,Aerial/Reference/playground.png,Aerial/Hazy/playground.png
Aerial/Dehaze/playground_Lai12.png,35.30197563087286,playground,Aerial/Reference/playground.png,Aerial/Hazy/playground.png
Aerial/Dehaze/playground_Meng13.png,71.86973896748147,playground,Aerial/Reference/playground.png,Aerial/Hazy/playground.png
Aerial/Dehaze/playground_Tarel09.png,34.91522813646309,playground,Aerial/Reference/playground.png,Aerial/Hazy/playground.png
Aerial/Dehaze/playground_Xiao12.png,44.91941255140433,playground,Aerial/Reference/playground.png,Aerial/Hazy/playground.png
Aerial/Dehaze/pond_Berman16.png,67.97018390939488,pond,Aerial/Reference/pond.png,Aerial/Hazy/pond.png
Aerial/Dehaze/pond_Cai16.png,61.08958412894005,pond,Aerial/Reference/pond.png,Aerial/Hazy/pond.png
Aerial/Dehaze/pond_Fattal08.png,20.383850810401256,pond,Aerial/Reference/pond.png,Aerial/Hazy/pond.png
Aerial/Dehaze/pond_He09.png,72.01061161308513,pond,Aerial/Reference/pond.png,Aerial/Hazy/pond.png
Aerial/Dehaze/pond_Lai12.png,52.498771079965294,pond,Aerial/Reference/pond.png,Aerial/Hazy/pond.png
Aerial/Dehaze/pond_Meng13.png,74.07307856756785,pond,Aerial/Reference/pond.png,Aerial/Hazy/pond.png
Aerial/Dehaze/pond_Tarel09.png,51.448161709686886,pond,Aerial/Reference/pond.png,Aerial/Hazy/pond.png
Aerial/Dehaze/pond_Xiao12.png,74.06163725657014,pond,Aerial/Reference/pond.png,Aerial/Hazy/pond.png
Aerial/Dehaze/port_Berman16.png,42.27714367904254,port,Aerial/Reference/port.png,Aerial/Hazy/port.png
Aerial/Dehaze/port_Cai16.png,33.88882569609748,port,Aerial/Reference/port.png,Aerial/Hazy/port.png
Aerial/Dehaze/port_Fattal08.png,14.113141484831491,port,Aerial/Reference/port.png,Aerial/Hazy/port.png
Aerial/Dehaze/port_He09.png,40.762574039469825,port,Aerial/Reference/port.png,Aerial/Hazy/port.png
Aerial/Dehaze/port_Lai12.png,30.466434776593573,port,Aerial/Reference/port.png,Aerial/Hazy/port.png
Aerial/Dehaze/port_Meng13.png,36.700310111230834,port,Aerial/Reference/port.png,Aerial/Hazy/port.png
Aerial/Dehaze/port_Tarel09.png,27.80393844380027,port,Aerial/Reference/port.png,Aerial/Hazy/port.png
Aerial/Dehaze/port_Xiao12.png,36.03377209504009,port,Aerial/Reference/port.png,Aerial/Hazy/port.png
Aerial/Dehaze/railwaystation_Berman16.png,54.29178655394664,railwaystation,Aerial/Reference/railwaystation.png,Aerial/Hazy/railwaystation.png
Aerial/Dehaze/railwaystation_Cai16.png,52.86900380601633,railwaystation,Aerial/Reference/railwaystation.png,Aerial/Hazy/railwaystation.png
Aerial/Dehaze/railwaystation_Fattal08.png,43.50017767691322,railwaystation,Aerial/Reference/railwaystation.png,Aerial/Hazy/railwaystation.png
Aerial/Dehaze/railwaystation_He09.png,74.59248639996763,railwaystation,Aerial/Reference/railwaystation.png,Aerial/Hazy/railwaystation.png
Aerial/Dehaze/railwaystation_Lai12.png,43.572482099604706,railwaystation,Aerial/Reference/railwaystation.png,Aerial/Hazy/railwaystation.png
Aerial/Dehaze/railwaystation_Meng13.png,75.26581263541937,railwaystation,Aerial/Reference/railwaystation.png,Aerial/Hazy/railwaystation.png
Aerial/Dehaze/railwaystation_Tarel09.png,35.34159257954154,railwaystation,Aerial/Reference/railwaystation.png,Aerial/Hazy/railwaystation.png
Aerial/Dehaze/railwaystation_Xiao12.png,60.02880228312369,railwaystation,Aerial/Reference/railwaystation.png,Aerial/Hazy/railwaystation.png
Aerial/Dehaze/resort_Berman16.png,70.37607471152216,resort,Aerial/Reference/resort.png,Aerial/Hazy/resort.png
Aerial/Dehaze/resort_Cai16.png,41.875257509650176,resort,Aerial/Reference/resort.png,Aerial/Hazy/resort.png
Aerial/Dehaze/resort_Fattal08.png,17.8321641252887,resort,Aerial/Reference/resort.png,Aerial/Hazy/resort.png
Aerial/Dehaze/resort_He09.png,62.65201959774207,resort,Aerial/Reference/resort.png,Aerial/Hazy/resort.png
Aerial/Dehaze/resort_Lai12.png,35.686264740022786,resort,Aerial/Reference/resort.png,Aerial/Hazy/resort.png
Aerial/Dehaze/resort_Meng13.png,78.60408459660431,resort,Aerial/Reference/resort.png,Aerial/Hazy/resort.png
Aerial/Dehaze/resort_Tarel09.png,33.693475772645364,resort,Aerial/Reference/resort.png,Aerial/Hazy/resort.png
Aerial/Dehaze/resort_Xiao12.png,44.30461305294123,resort,Aerial/Reference/resort.png,Aerial/Hazy/resort.png
Aerial/Dehaze/river_Berman16.png,41.476142966694105,river,Aerial/Reference/river.png,Aerial/Hazy/river.png
Aerial/Dehaze/river_Cai16.png,38.74326102906292,river,Aerial/Reference/river.png,Aerial/Hazy/river.png
Aerial/Dehaze/river_Fattal08.png,33.95809077060001,river,Aerial/Reference/river.png,Aerial/Hazy/river.png
Aerial/Dehaze/river_He09.png,68.57262442689478,river,Aerial/Reference/river.png,Aerial/Hazy/river.png
Aerial/Dehaze/river_Lai12.png,38.029268113466266,river,Aerial/Reference/river.png,Aerial/Hazy/river.png
Aerial/Dehaze/river_Meng13.png,39.866393128697304,river,Aerial/Reference/river.png,Aerial/Hazy/river.png
Aerial/Dehaze/river_Tarel09.png,32.62365472703256,river,Aerial/Reference/river.png,Aerial/Hazy/river.png
Aerial/Dehaze/river_Xiao12.png,42.23397312821234,river,Aerial/Reference/river.png,Aerial/Hazy/river.png
Aerial/Dehaze/school_Berman16.png,64.8589584259622,school,Aerial/Reference/school.png,Aerial/Hazy/school.png
Aerial/Dehaze/school_Cai16.png,44.549135733661274,school,Aerial/Reference/school.png,Aerial/Hazy/school.png
Aerial/Dehaze/school_Fattal08.png,40.09431255710738,school,Aerial/Reference/school.png,Aerial/Hazy/school.png
Aerial/Dehaze/school_He09.png,65.30142497563222,school,Aerial/Reference/school.png,Aerial/Hazy/school.png
Aerial/Dehaze/school_Lai12.png,42.223311919068735,school,Aerial/Reference/school.png,Aerial/Hazy/school.png
Aerial/Dehaze/school_Meng13.png,64.41768159720681,school,Aerial/Reference/school.png,Aerial/Hazy/school.png
Aerial/Dehaze/school_Tarel09.png,36.12561810800067,school,Aerial/Reference/school.png,Aerial/Hazy/school.png
Aerial/Dehaze/school_Xiao12.png,50.10695589209283,school,Aerial/Reference/school.png,Aerial/Hazy/school.png
Aerial/Dehaze/sparseresidential_Berman16.png,77.34436218580294,sparseresidential,Aerial/Reference/sparseresidential.png,Aerial/Hazy/sparseresidential.png
Aerial/Dehaze/sparseresidential_Cai16.png,38.013152306625976,sparseresidential,Aerial/Reference/sparseresidential.png,Aerial/Hazy/sparseresidential.png
Aerial/Dehaze/sparseresidential_Fattal08.png,34.2768813185784,sparseresidential,Aerial/Reference/sparseresidential.png,Aerial/Hazy/sparseresidential.png
Aerial/Dehaze/sparseresidential_He09.png,60.51386834785612,sparseresidential,Aerial/Reference/sparseresidential.png,Aerial/Hazy/sparseresidential.png
Aerial/Dehaze/sparseresidential_Lai12.png,36.29526813978799,sparseresidential,Aerial/Reference/sparseresidential.png,Aerial/Hazy/sparseresidential.png
Aerial/Dehaze/sparseresidential_Meng13.png,58.35665475050783,sparseresidential,Aerial/Reference/sparseresidential.png,Aerial/Hazy/sparseresidential.png
Aerial/Dehaze/sparseresidential_Tarel09.png,31.204989704613443,sparseresidential,Aerial/Reference/sparseresidential.png,Aerial/Hazy/sparseresidential.png
Aerial/Dehaze/sparseresidential_Xiao12.png,41.39649063566404,sparseresidential,Aerial/Reference/sparseresidential.png,Aerial/Hazy/sparseresidential.png
Aerial/Dehaze/square_Berman16.png,43.01667260330525,square,Aerial/Reference/square.png,Aerial/Hazy/square.png
Aerial/Dehaze/square_Cai16.png,44.51403719252456,square,Aerial/Reference/square.png,Aerial/Hazy/square.png
Aerial/Dehaze/square_Fattal08.png,33.26026511873307,square,Aerial/Reference/square.png,Aerial/Hazy/square.png
Aerial/Dehaze/square_He09.png,74.42870396420523,square,Aerial/Reference/square.png,Aerial/Hazy/square.png
Aerial/Dehaze/square_Lai12.png,43.91705082260614,square,Aerial/Reference/square.png,Aerial/Hazy/square.png
Aerial/Dehaze/square_Meng13.png,57.026576214928006,square,Aerial/Reference/square.png,Aerial/Hazy/square.png
Aerial/Dehaze/square_Tarel09.png,37.2389463573016,square,Aerial/Reference/square.png,Aerial/Hazy/square.png
Aerial/Dehaze/square_Xiao12.png,63.27247222734689,square,Aerial/Reference/square.png,Aerial/Hazy/square.png
Aerial/Dehaze/stadium_Berman16.png,52.95920737933662,stadium,Aerial/Reference/stadium.png,Aerial/Hazy/stadium.png
Aerial/Dehaze/stadium_Cai16.png,72.48137620994386,stadium,Aerial/Reference/stadium.png,Aerial/Hazy/stadium.png
Aerial/Dehaze/stadium_Fattal08.png,35.73823380484847,stadium,Aerial/Reference/stadium.png,Aerial/Hazy/stadium.png
Aerial/Dehaze/stadium_He09.png,74.99013263013792,stadium,Aerial/Reference/stadium.png,Aerial/Hazy/stadium.png
Aerial/Dehaze/stadium_Lai12.png,50.93194433449635,stadium,Aerial/Reference/stadium.png,Aerial/Hazy/stadium.png
Aerial/Dehaze/stadium_Meng13.png,75.41299998107546,stadium,Aerial/Reference/stadium.png,Aerial/Hazy/stadium.png
Aerial/Dehaze/stadium_Tarel09.png,38.89591207515943,stadium,Aerial/Reference/stadium.png,Aerial/Hazy/stadium.png
Aerial/Dehaze/stadium_Xiao12.png,76.6717532159932,stadium,Aerial/Reference/stadium.png,Aerial/Hazy/stadium.png
Aerial/Dehaze/storagetanks_Berman16.png,63.9724978317618,storagetanks,Aerial/Reference/storagetanks.png,Aerial/Hazy/storagetanks.png
Aerial/Dehaze/storagetanks_Cai16.png,45.4885440116179,storagetanks,Aerial/Reference/storagetanks.png,Aerial/Hazy/storagetanks.png
Aerial/Dehaze/storagetanks_Fattal08.png,28.213926058058263,storagetanks,Aerial/Reference/storagetanks.png,Aerial/Hazy/storagetanks.png
Aerial/Dehaze/storagetanks_He09.png,57.995889374330616,storagetanks,Aerial/Reference/storagetanks.png,Aerial/Hazy/storagetanks.png
Aerial/Dehaze/storagetanks_Lai12.png,38.541925653769084,storagetanks,Aerial/Reference/storagetanks.png,Aerial/Hazy/storagetanks.png
Aerial/Dehaze/storagetanks_Meng13.png,73.30414409459897,storagetanks,Aerial/Reference/storagetanks.png,Aerial/Hazy/storagetanks.png
Aerial/Dehaze/storagetanks_Tarel09.png,33.90785593716132,storagetanks,Aerial/Reference/storagetanks.png,Aerial/Hazy/storagetanks.png
Aerial/Dehaze/storagetanks_Xiao12.png,49.199310336254555,storagetanks,Aerial/Reference/storagetanks.png,Aerial/Hazy/storagetanks.png
Aerial/Dehaze/viaduct_Berman16.png,58.85413955330169,viaduct,Aerial/Reference/viaduct.png,Aerial/Hazy/viaduct.png
Aerial/Dehaze/viaduct_Cai16.png,51.30238513169901,viaduct,Aerial/Reference/viaduct.png,Aerial/Hazy/viaduct.png
Aerial/Dehaze/viaduct_Fattal08.png,42.85357436840379,viaduct,Aerial/Reference/viaduct.png,Aerial/Hazy/viaduct.png
Aerial/Dehaze/viaduct_He09.png,73.56728101762636,viaduct,Aerial/Reference/viaduct.png,Aerial/Hazy/viaduct.png
Aerial/Dehaze/viaduct_Lai12.png,44.51090404233842,viaduct,Aerial/Reference/viaduct.png,Aerial/Hazy/viaduct.png
Aerial/Dehaze/viaduct_Meng13.png,77.08831940585327,viaduct,Aerial/Reference/viaduct.png,Aerial/Hazy/viaduct.png
Aerial/Dehaze/viaduct_Tarel09.png,35.81897137487754,viaduct,Aerial/Reference/viaduct.png,Aerial/Hazy/viaduct.png
Aerial/Dehaze/viaduct_Xiao12.png,62.61505049302634,viaduct,Aerial/Reference/viaduct.png,Aerial/Hazy/viaduct.png
