fpath,dist_idx,dist,img,ver,mos_std,mos,ref_img
dst_imgs/AWGN/1600.AWGN.1.png,1,awgn,1600,1,0.061,0.062,src_imgs/1600.png
dst_imgs/AWGN/1600.AWGN.2.png,1,awgn,1600,2,0.09699999999999999,0.20600000000000002,src_imgs/1600.png
dst_imgs/AWGN/1600.AWGN.3.png,1,awgn,1600,3,0.033,0.262,src_imgs/1600.png
dst_imgs/AWGN/1600.AWGN.4.png,1,awgn,1600,4,0.107,0.375,src_imgs/1600.png
dst_imgs/AWGN/1600.AWGN.5.png,1,awgn,1600,5,0.12,0.467,src_imgs/1600.png
dst_imgs/AWGN/aerial_city.AWGN.1.png,1,awgn,aerial_city,1,0.013999999999999999,0.032,src_imgs/aerial_city.png
dst_imgs/AWGN/aerial_city.AWGN.2.png,1,awgn,aerial_city,2,0.08199999999999999,0.125,src_imgs/aerial_city.png
dst_imgs/AWGN/aerial_city.AWGN.3.png,1,awgn,aerial_city,3,0.064,0.245,src_imgs/aerial_city.png
dst_imgs/AWGN/aerial_city.AWGN.4.png,1,awgn,aerial_city,4,0.054000000000000006,0.373,src_imgs/aerial_city.png
dst_imgs/AWGN/aerial_city.AWGN.5.png,1,awgn,aerial_city,5,0.046,0.501,src_imgs/aerial_city.png
dst_imgs/AWGN/boston.AWGN.1.png,1,awgn,boston,1,0.042,0.028999999999999998,src_imgs/boston.png
dst_imgs/AWGN/boston.AWGN.2.png,1,awgn,boston,2,0.022000000000000002,0.081,src_imgs/boston.png
dst_imgs/AWGN/boston.AWGN.3.png,1,awgn,boston,3,0.046,0.215,src_imgs/boston.png
dst_imgs/AWGN/boston.AWGN.4.png,1,awgn,boston,4,0.114,0.38299999999999995,src_imgs/boston.png
dst_imgs/AWGN/boston.AWGN.5.png,1,awgn,boston,5,0.076,0.47200000000000003,src_imgs/boston.png
dst_imgs/AWGN/bridge.AWGN.1.png,1,awgn,bridge,1,0.006999999999999999,0.027999999999999997,src_imgs/bridge.png
dst_imgs/AWGN/bridge.AWGN.2.png,1,awgn,bridge,2,0.07200000000000001,0.08800000000000001,src_imgs/bridge.png
dst_imgs/AWGN/bridge.AWGN.3.png,1,awgn,bridge,3,0.127,0.252,src_imgs/bridge.png
dst_imgs/AWGN/bridge.AWGN.4.png,1,awgn,bridge,4,0.11900000000000001,0.409,src_imgs/bridge.png
dst_imgs/AWGN/bridge.AWGN.5.png,1,awgn,bridge,5,0.077,0.517,src_imgs/bridge.png
dst_imgs/AWGN/butter_flower.AWGN.1.png,1,awgn,butter_flower,1,0.006999999999999999,0.027000000000000003,src_imgs/butter_flower.png
dst_imgs/AWGN/butter_flower.AWGN.2.png,1,awgn,butter_flower,2,0.073,0.08900000000000001,src_imgs/butter_flower.png
dst_imgs/AWGN/butter_flower.AWGN.3.png,1,awgn,butter_flower,3,0.163,0.252,src_imgs/butter_flower.png
dst_imgs/AWGN/butter_flower.AWGN.4.png,1,awgn,butter_flower,4,0.22,0.435,src_imgs/butter_flower.png
dst_imgs/AWGN/butter_flower.AWGN.5.png,1,awgn,butter_flower,5,0.15,0.545,src_imgs/butter_flower.png
dst_imgs/AWGN/cactus.AWGN.1.png,1,awgn,cactus,1,0.055,0.10400000000000001,src_imgs/cactus.png
dst_imgs/AWGN/cactus.AWGN.2.png,1,awgn,cactus,2,0.114,0.20600000000000002,src_imgs/cactus.png
dst_imgs/AWGN/cactus.AWGN.3.png,1,awgn,cactus,3,0.126,0.349,src_imgs/cactus.png
dst_imgs/AWGN/cactus.AWGN.4.png,1,awgn,cactus,4,0.133,0.439,src_imgs/cactus.png
dst_imgs/AWGN/cactus.AWGN.5.png,1,awgn,cactus,5,0.134,0.498,src_imgs/cactus.png
dst_imgs/AWGN/child_swimming.AWGN.1.png,1,awgn,child_swimming,1,0.0,0.027999999999999997,src_imgs/child_swimming.png
dst_imgs/AWGN/child_swimming.AWGN.2.png,1,awgn,child_swimming,2,0.065,0.12,src_imgs/child_swimming.png
dst_imgs/AWGN/child_swimming.AWGN.3.png,1,awgn,child_swimming,3,0.09300000000000001,0.272,src_imgs/child_swimming.png
dst_imgs/AWGN/child_swimming.AWGN.4.png,1,awgn,child_swimming,4,0.121,0.413,src_imgs/child_swimming.png
dst_imgs/AWGN/child_swimming.AWGN.5.png,1,awgn,child_swimming,5,0.111,0.489,src_imgs/child_swimming.png
dst_imgs/AWGN/couple.AWGN.1.png,1,awgn,couple,1,0.004,0.006,src_imgs/couple.png
dst_imgs/AWGN/couple.AWGN.2.png,1,awgn,couple,2,0.057999999999999996,0.109,src_imgs/couple.png
dst_imgs/AWGN/couple.AWGN.3.png,1,awgn,couple,3,0.06,0.204,src_imgs/couple.png
dst_imgs/AWGN/couple.AWGN.4.png,1,awgn,couple,4,0.040999999999999995,0.325,src_imgs/couple.png
dst_imgs/AWGN/couple.AWGN.5.png,1,awgn,couple,5,0.049,0.47,src_imgs/couple.png
dst_imgs/AWGN/elk.AWGN.1.png,1,awgn,elk,1,0.040999999999999995,0.033,src_imgs/elk.png
dst_imgs/AWGN/elk.AWGN.2.png,1,awgn,elk,2,0.019,0.065,src_imgs/elk.png
dst_imgs/AWGN/elk.AWGN.3.png,1,awgn,elk,3,0.1,0.172,src_imgs/elk.png
dst_imgs/AWGN/elk.AWGN.4.png,1,awgn,elk,4,0.13,0.237,src_imgs/elk.png
dst_imgs/AWGN/elk.AWGN.5.png,1,awgn,elk,5,0.10800000000000001,0.358,src_imgs/elk.png
dst_imgs/AWGN/family.AWGN.1.png,1,awgn,family,1,0.057999999999999996,0.08800000000000001,src_imgs/family.png
dst_imgs/AWGN/family.AWGN.2.png,1,awgn,family,2,0.085,0.15,src_imgs/family.png
dst_imgs/AWGN/family.AWGN.3.png,1,awgn,family,3,0.066,0.275,src_imgs/family.png
dst_imgs/AWGN/family.AWGN.4.png,1,awgn,family,4,0.073,0.375,src_imgs/family.png
dst_imgs/AWGN/family.AWGN.5.png,1,awgn,family,5,0.087,0.48,src_imgs/family.png
dst_imgs/AWGN/fisher.AWGN.1.png,1,awgn,fisher,1,0.04,0.052000000000000005,src_imgs/fisher.png
dst_imgs/AWGN/fisher.AWGN.2.png,1,awgn,fisher,2,0.091,0.13,src_imgs/fisher.png
dst_imgs/AWGN/fisher.AWGN.3.png,1,awgn,fisher,3,0.105,0.21600000000000003,src_imgs/fisher.png
dst_imgs/AWGN/fisher.AWGN.4.png,1,awgn,fisher,4,0.13699999999999998,0.312,src_imgs/fisher.png
dst_imgs/AWGN/fisher.AWGN.5.png,1,awgn,fisher,5,0.209,0.44,src_imgs/fisher.png
dst_imgs/AWGN/foxy.AWGN.1.png,1,awgn,foxy,1,0.021,0.013999999999999999,src_imgs/foxy.png
dst_imgs/AWGN/foxy.AWGN.2.png,1,awgn,foxy,2,0.057,0.064,src_imgs/foxy.png
dst_imgs/AWGN/foxy.AWGN.3.png,1,awgn,foxy,3,0.10400000000000001,0.136,src_imgs/foxy.png
dst_imgs/AWGN/foxy.AWGN.4.png,1,awgn,foxy,4,0.14,0.25,src_imgs/foxy.png
dst_imgs/AWGN/foxy.AWGN.5.png,1,awgn,foxy,5,0.138,0.381,src_imgs/foxy.png
dst_imgs/AWGN/geckos.AWGN.1.png,1,awgn,geckos,1,0.015,0.028999999999999998,src_imgs/geckos.png
dst_imgs/AWGN/geckos.AWGN.2.png,1,awgn,geckos,2,0.040999999999999995,0.06,src_imgs/geckos.png
dst_imgs/AWGN/geckos.AWGN.3.png,1,awgn,geckos,3,0.057,0.11699999999999999,src_imgs/geckos.png
dst_imgs/AWGN/geckos.AWGN.4.png,1,awgn,geckos,4,0.053,0.20199999999999999,src_imgs/geckos.png
dst_imgs/AWGN/geckos.AWGN.5.png,1,awgn,geckos,5,0.12,0.336,src_imgs/geckos.png
dst_imgs/AWGN/lady_liberty.AWGN.1.png,1,awgn,lady_liberty,1,0.040999999999999995,0.032,src_imgs/lady_liberty.png
dst_imgs/AWGN/lady_liberty.AWGN.2.png,1,awgn,lady_liberty,2,0.076,0.151,src_imgs/lady_liberty.png
dst_imgs/AWGN/lady_liberty.AWGN.3.png,1,awgn,lady_liberty,3,0.087,0.255,src_imgs/lady_liberty.png
dst_imgs/AWGN/lady_liberty.AWGN.4.png,1,awgn,lady_liberty,4,0.17300000000000001,0.384,src_imgs/lady_liberty.png
dst_imgs/AWGN/lady_liberty.AWGN.5.png,1,awgn,lady_liberty,5,0.18600000000000003,0.48700000000000004,src_imgs/lady_liberty.png
dst_imgs/AWGN/lake.AWGN.1.png,1,awgn,lake,1,0.027999999999999997,0.022000000000000002,src_imgs/lake.png
dst_imgs/AWGN/lake.AWGN.2.png,1,awgn,lake,2,0.035,0.13699999999999998,src_imgs/lake.png
dst_imgs/AWGN/lake.AWGN.3.png,1,awgn,lake,3,0.11199999999999999,0.295,src_imgs/lake.png
dst_imgs/AWGN/lake.AWGN.4.png,1,awgn,lake,4,0.128,0.43700000000000006,src_imgs/lake.png
dst_imgs/AWGN/lake.AWGN.5.png,1,awgn,lake,5,0.14400000000000002,0.536,src_imgs/lake.png
dst_imgs/AWGN/log_seaside.AWGN.1.png,1,awgn,log_seaside,1,0.0,0.0,src_imgs/log_seaside.png
dst_imgs/AWGN/log_seaside.AWGN.2.png,1,awgn,log_seaside,2,0.039,0.057,src_imgs/log_seaside.png
dst_imgs/AWGN/log_seaside.AWGN.3.png,1,awgn,log_seaside,3,0.076,0.132,src_imgs/log_seaside.png
dst_imgs/AWGN/log_seaside.AWGN.4.png,1,awgn,log_seaside,4,0.121,0.267,src_imgs/log_seaside.png
dst_imgs/AWGN/log_seaside.AWGN.5.png,1,awgn,log_seaside,5,0.11900000000000001,0.442,src_imgs/log_seaside.png
dst_imgs/AWGN/monument.AWGN.1.png,1,awgn,monument,1,0.015,0.012,src_imgs/monument.png
dst_imgs/AWGN/monument.AWGN.2.png,1,awgn,monument,2,0.043,0.081,src_imgs/monument.png
dst_imgs/AWGN/monument.AWGN.3.png,1,awgn,monument,3,0.087,0.183,src_imgs/monument.png
dst_imgs/AWGN/monument.AWGN.4.png,1,awgn,monument,4,0.18600000000000003,0.325,src_imgs/monument.png
dst_imgs/AWGN/monument.AWGN.5.png,1,awgn,monument,5,0.226,0.46799999999999997,src_imgs/monument.png
dst_imgs/AWGN/native_american.AWGN.1.png,1,awgn,native_american,1,0.061,0.04,src_imgs/native_american.png
dst_imgs/AWGN/native_american.AWGN.2.png,1,awgn,native_american,2,0.073,0.069,src_imgs/native_american.png
dst_imgs/AWGN/native_american.AWGN.3.png,1,awgn,native_american,3,0.07,0.22399999999999998,src_imgs/native_american.png
dst_imgs/AWGN/native_american.AWGN.4.png,1,awgn,native_american,4,0.13699999999999998,0.401,src_imgs/native_american.png
dst_imgs/AWGN/native_american.AWGN.5.png,1,awgn,native_american,5,0.109,0.47600000000000003,src_imgs/native_american.png
dst_imgs/AWGN/redwood.AWGN.1.png,1,awgn,redwood,1,0.024,0.051,src_imgs/redwood.png
dst_imgs/AWGN/redwood.AWGN.2.png,1,awgn,redwood,2,0.084,0.188,src_imgs/redwood.png
dst_imgs/AWGN/redwood.AWGN.3.png,1,awgn,redwood,3,0.151,0.32299999999999995,src_imgs/redwood.png
dst_imgs/AWGN/redwood.AWGN.4.png,1,awgn,redwood,4,0.191,0.43200000000000005,src_imgs/redwood.png
dst_imgs/AWGN/redwood.AWGN.5.png,1,awgn,redwood,5,0.2,0.545,src_imgs/redwood.png
dst_imgs/AWGN/roping.AWGN.1.png,1,awgn,roping,1,0.004,0.003,src_imgs/roping.png
dst_imgs/AWGN/roping.AWGN.2.png,1,awgn,roping,2,0.111,0.105,src_imgs/roping.png
dst_imgs/AWGN/roping.AWGN.3.png,1,awgn,roping,3,0.151,0.185,src_imgs/roping.png
dst_imgs/AWGN/roping.AWGN.4.png,1,awgn,roping,4,0.21600000000000003,0.382,src_imgs/roping.png
dst_imgs/AWGN/roping.AWGN.5.png,1,awgn,roping,5,0.273,0.513,src_imgs/roping.png
dst_imgs/AWGN/rushmore.AWGN.1.png,1,awgn,rushmore,1,0.017,0.032,src_imgs/rushmore.png
dst_imgs/AWGN/rushmore.AWGN.2.png,1,awgn,rushmore,2,0.1,0.131,src_imgs/rushmore.png
dst_imgs/AWGN/rushmore.AWGN.3.png,1,awgn,rushmore,3,0.098,0.259,src_imgs/rushmore.png
dst_imgs/AWGN/rushmore.AWGN.4.png,1,awgn,rushmore,4,0.10800000000000001,0.382,src_imgs/rushmore.png
dst_imgs/AWGN/rushmore.AWGN.5.png,1,awgn,rushmore,5,0.115,0.513,src_imgs/rushmore.png
dst_imgs/AWGN/shroom.AWGN.1.png,1,awgn,shroom,1,0.045,0.031,src_imgs/shroom.png
dst_imgs/AWGN/shroom.AWGN.2.png,1,awgn,shroom,2,0.10800000000000001,0.136,src_imgs/shroom.png
dst_imgs/AWGN/shroom.AWGN.3.png,1,awgn,shroom,3,0.098,0.237,src_imgs/shroom.png
dst_imgs/AWGN/shroom.AWGN.4.png,1,awgn,shroom,4,0.127,0.355,src_imgs/shroom.png
dst_imgs/AWGN/shroom.AWGN.5.png,1,awgn,shroom,5,0.13,0.46299999999999997,src_imgs/shroom.png
dst_imgs/AWGN/snow_leaves.AWGN.1.png,1,awgn,snow_leaves,1,0.0,0.019,src_imgs/snow_leaves.png
dst_imgs/AWGN/snow_leaves.AWGN.2.png,1,awgn,snow_leaves,2,0.067,0.063,src_imgs/snow_leaves.png
dst_imgs/AWGN/snow_leaves.AWGN.3.png,1,awgn,snow_leaves,3,0.185,0.212,src_imgs/snow_leaves.png
dst_imgs/AWGN/snow_leaves.AWGN.4.png,1,awgn,snow_leaves,4,0.081,0.293,src_imgs/snow_leaves.png
dst_imgs/AWGN/snow_leaves.AWGN.5.png,1,awgn,snow_leaves,5,0.154,0.434,src_imgs/snow_leaves.png
dst_imgs/AWGN/sunsetcolor.AWGN.1.png,1,awgn,sunsetcolor,1,0.038,0.039,src_imgs/sunsetcolor.png
dst_imgs/AWGN/sunsetcolor.AWGN.2.png,1,awgn,sunsetcolor,2,0.10400000000000001,0.20600000000000002,src_imgs/sunsetcolor.png
dst_imgs/AWGN/sunsetcolor.AWGN.3.png,1,awgn,sunsetcolor,3,0.105,0.302,src_imgs/sunsetcolor.png
dst_imgs/AWGN/sunsetcolor.AWGN.4.png,1,awgn,sunsetcolor,4,0.139,0.409,src_imgs/sunsetcolor.png
dst_imgs/AWGN/sunsetcolor.AWGN.5.png,1,awgn,sunsetcolor,5,0.18,0.515,src_imgs/sunsetcolor.png
dst_imgs/AWGN/sunset_sparrow.AWGN.1.png,1,awgn,sunset_sparrow,1,0.049,0.042,src_imgs/sunset_sparrow.png
dst_imgs/AWGN/sunset_sparrow.AWGN.2.png,1,awgn,sunset_sparrow,2,0.07400000000000001,0.179,src_imgs/sunset_sparrow.png
dst_imgs/AWGN/sunset_sparrow.AWGN.3.png,1,awgn,sunset_sparrow,3,0.121,0.326,src_imgs/sunset_sparrow.png
dst_imgs/AWGN/sunset_sparrow.AWGN.4.png,1,awgn,sunset_sparrow,4,0.105,0.45799999999999996,src_imgs/sunset_sparrow.png
dst_imgs/AWGN/sunset_sparrow.AWGN.5.png,1,awgn,sunset_sparrow,5,0.142,0.5489999999999999,src_imgs/sunset_sparrow.png
dst_imgs/AWGN/swarm.AWGN.1.png,1,awgn,swarm,1,0.042,0.035,src_imgs/swarm.png
dst_imgs/AWGN/swarm.AWGN.2.png,1,awgn,swarm,2,0.067,0.166,src_imgs/swarm.png
dst_imgs/AWGN/swarm.AWGN.3.png,1,awgn,swarm,3,0.12300000000000001,0.322,src_imgs/swarm.png
dst_imgs/AWGN/swarm.AWGN.4.png,1,awgn,swarm,4,0.157,0.419,src_imgs/swarm.png
dst_imgs/AWGN/swarm.AWGN.5.png,1,awgn,swarm,5,0.183,0.5770000000000001,src_imgs/swarm.png
dst_imgs/AWGN/trolley.AWGN.1.png,1,awgn,trolley,1,0.005,0.028999999999999998,src_imgs/trolley.png
dst_imgs/AWGN/trolley.AWGN.2.png,1,awgn,trolley,2,0.076,0.09,src_imgs/trolley.png
dst_imgs/AWGN/trolley.AWGN.3.png,1,awgn,trolley,3,0.077,0.22,src_imgs/trolley.png
dst_imgs/AWGN/trolley.AWGN.4.png,1,awgn,trolley,4,0.079,0.342,src_imgs/trolley.png
dst_imgs/AWGN/trolley.AWGN.5.png,1,awgn,trolley,5,0.09699999999999999,0.45,src_imgs/trolley.png
dst_imgs/AWGN/turtle.AWGN.1.png,1,awgn,turtle,1,0.006,0.02,src_imgs/turtle.png
dst_imgs/AWGN/turtle.AWGN.2.png,1,awgn,turtle,2,0.055,0.11900000000000001,src_imgs/turtle.png
dst_imgs/AWGN/turtle.AWGN.3.png,1,awgn,turtle,3,0.10400000000000001,0.19899999999999998,src_imgs/turtle.png
dst_imgs/AWGN/turtle.AWGN.4.png,1,awgn,turtle,4,0.086,0.32899999999999996,src_imgs/turtle.png
dst_imgs/AWGN/turtle.AWGN.5.png,1,awgn,turtle,5,0.08900000000000001,0.436,src_imgs/turtle.png
dst_imgs/AWGN/veggies.AWGN.1.png,1,awgn,veggies,1,0.024,0.018000000000000002,src_imgs/veggies.png
dst_imgs/AWGN/veggies.AWGN.2.png,1,awgn,veggies,2,0.09,0.098,src_imgs/veggies.png
dst_imgs/AWGN/veggies.AWGN.3.png,1,awgn,veggies,3,0.132,0.214,src_imgs/veggies.png
dst_imgs/AWGN/veggies.AWGN.4.png,1,awgn,veggies,4,0.179,0.34700000000000003,src_imgs/veggies.png
dst_imgs/AWGN/veggies.AWGN.5.png,1,awgn,veggies,5,0.19,0.47200000000000003,src_imgs/veggies.png
dst_imgs/AWGN/woman.AWGN.1.png,1,awgn,woman,1,0.05,0.052000000000000005,src_imgs/woman.png
dst_imgs/AWGN/woman.AWGN.2.png,1,awgn,woman,2,0.113,0.19699999999999998,src_imgs/woman.png
dst_imgs/AWGN/woman.AWGN.3.png,1,awgn,woman,3,0.11199999999999999,0.289,src_imgs/woman.png
dst_imgs/AWGN/woman.AWGN.4.png,1,awgn,woman,4,0.141,0.409,src_imgs/woman.png
dst_imgs/AWGN/woman.AWGN.5.png,1,awgn,woman,5,0.12300000000000001,0.49,src_imgs/woman.png
dst_imgs/JPEG/1600.JPEG.1.png,2,jpeg,1600,1,0.004,0.013000000000000001,src_imgs/1600.png
dst_imgs/JPEG/1600.JPEG.2.png,2,jpeg,1600,2,0.063,0.069,src_imgs/1600.png
dst_imgs/JPEG/1600.JPEG.3.png,2,jpeg,1600,3,0.084,0.19699999999999998,src_imgs/1600.png
dst_imgs/JPEG/1600.JPEG.4.png,2,jpeg,1600,4,0.083,0.501,src_imgs/1600.png
dst_imgs/JPEG/1600.JPEG.5.png,2,jpeg,1600,5,0.059000000000000004,0.687,src_imgs/1600.png
dst_imgs/JPEG/aerial_city.JPEG.1.png,2,jpeg,aerial_city,1,0.013999999999999999,0.03,src_imgs/aerial_city.png
dst_imgs/JPEG/aerial_city.JPEG.2.png,2,jpeg,aerial_city,2,0.043,0.065,src_imgs/aerial_city.png
dst_imgs/JPEG/aerial_city.JPEG.3.png,2,jpeg,aerial_city,3,0.146,0.389,src_imgs/aerial_city.png
dst_imgs/JPEG/aerial_city.JPEG.4.png,2,jpeg,aerial_city,4,0.055999999999999994,0.607,src_imgs/aerial_city.png
dst_imgs/JPEG/aerial_city.JPEG.5.png,2,jpeg,aerial_city,5,0.039,0.8190000000000001,src_imgs/aerial_city.png
dst_imgs/JPEG/boston.JPEG.1.png,2,jpeg,boston,1,0.0,0.0,src_imgs/boston.png
dst_imgs/JPEG/boston.JPEG.2.png,2,jpeg,boston,2,0.038,0.05,src_imgs/boston.png
dst_imgs/JPEG/boston.JPEG.3.png,2,jpeg,boston,3,0.067,0.32799999999999996,src_imgs/boston.png
dst_imgs/JPEG/boston.JPEG.4.png,2,jpeg,boston,4,0.09,0.737,src_imgs/boston.png
dst_imgs/JPEG/boston.JPEG.5.png,2,jpeg,boston,5,0.066,0.8320000000000001,src_imgs/boston.png
dst_imgs/JPEG/bridge.JPEG.1.png,2,jpeg,bridge,1,0.046,0.037000000000000005,src_imgs/bridge.png
dst_imgs/JPEG/bridge.JPEG.2.png,2,jpeg,bridge,2,0.07400000000000001,0.076,src_imgs/bridge.png
dst_imgs/JPEG/bridge.JPEG.3.png,2,jpeg,bridge,3,0.068,0.273,src_imgs/bridge.png
dst_imgs/JPEG/bridge.JPEG.4.png,2,jpeg,bridge,4,0.067,0.743,src_imgs/bridge.png
dst_imgs/JPEG/bridge.JPEG.5.png,2,jpeg,bridge,5,0.043,0.816,src_imgs/bridge.png
dst_imgs/JPEG/butter_flower.JPEG.1.png,2,jpeg,butter_flower,1,0.006,0.023,src_imgs/butter_flower.png
dst_imgs/JPEG/butter_flower.JPEG.2.png,2,jpeg,butter_flower,2,0.013999999999999999,0.031,src_imgs/butter_flower.png
dst_imgs/JPEG/butter_flower.JPEG.3.png,2,jpeg,butter_flower,3,0.11599999999999999,0.41,src_imgs/butter_flower.png
dst_imgs/JPEG/butter_flower.JPEG.4.png,2,jpeg,butter_flower,4,0.134,0.6990000000000001,src_imgs/butter_flower.png
dst_imgs/JPEG/butter_flower.JPEG.5.png,2,jpeg,butter_flower,5,0.071,0.8079999999999999,src_imgs/butter_flower.png
dst_imgs/JPEG/cactus.JPEG.1.png,2,jpeg,cactus,1,0.042,0.040999999999999995,src_imgs/cactus.png
dst_imgs/JPEG/cactus.JPEG.2.png,2,jpeg,cactus,2,0.081,0.16,src_imgs/cactus.png
dst_imgs/JPEG/cactus.JPEG.3.png,2,jpeg,cactus,3,0.135,0.37799999999999995,src_imgs/cactus.png
dst_imgs/JPEG/cactus.JPEG.4.png,2,jpeg,cactus,4,0.08,0.7040000000000001,src_imgs/cactus.png
dst_imgs/JPEG/cactus.JPEG.5.png,2,jpeg,cactus,5,0.01,0.812,src_imgs/cactus.png
dst_imgs/JPEG/child_swimming.JPEG.1.png,2,jpeg,child_swimming,1,0.001,0.028999999999999998,src_imgs/child_swimming.png
dst_imgs/JPEG/child_swimming.JPEG.2.png,2,jpeg,child_swimming,2,0.003,0.03,src_imgs/child_swimming.png
dst_imgs/JPEG/child_swimming.JPEG.3.png,2,jpeg,child_swimming,3,0.149,0.23600000000000002,src_imgs/child_swimming.png
dst_imgs/JPEG/child_swimming.JPEG.4.png,2,jpeg,child_swimming,4,0.078,0.514,src_imgs/child_swimming.png
dst_imgs/JPEG/child_swimming.JPEG.5.png,2,jpeg,child_swimming,5,0.053,0.696,src_imgs/child_swimming.png
dst_imgs/JPEG/couple.JPEG.1.png,2,jpeg,couple,1,0.0,0.002,src_imgs/couple.png
dst_imgs/JPEG/couple.JPEG.2.png,2,jpeg,couple,2,0.036000000000000004,0.034,src_imgs/couple.png
dst_imgs/JPEG/couple.JPEG.3.png,2,jpeg,couple,3,0.048,0.258,src_imgs/couple.png
dst_imgs/JPEG/couple.JPEG.4.png,2,jpeg,couple,4,0.045,0.586,src_imgs/couple.png
dst_imgs/JPEG/couple.JPEG.5.png,2,jpeg,couple,5,0.053,0.7240000000000001,src_imgs/couple.png
dst_imgs/JPEG/elk.JPEG.1.png,2,jpeg,elk,1,0.042,0.032,src_imgs/elk.png
dst_imgs/JPEG/elk.JPEG.2.png,2,jpeg,elk,2,0.084,0.068,src_imgs/elk.png
dst_imgs/JPEG/elk.JPEG.3.png,2,jpeg,elk,3,0.057,0.22,src_imgs/elk.png
dst_imgs/JPEG/elk.JPEG.4.png,2,jpeg,elk,4,0.11599999999999999,0.55,src_imgs/elk.png
dst_imgs/JPEG/elk.JPEG.5.png,2,jpeg,elk,5,0.039,0.71,src_imgs/elk.png
dst_imgs/JPEG/family.JPEG.1.png,2,jpeg,family,1,0.023,0.022000000000000002,src_imgs/family.png
dst_imgs/JPEG/family.JPEG.2.png,2,jpeg,family,2,0.059000000000000004,0.134,src_imgs/family.png
dst_imgs/JPEG/family.JPEG.3.png,2,jpeg,family,3,0.102,0.647,src_imgs/family.png
dst_imgs/JPEG/family.JPEG.4.png,2,jpeg,family,4,0.045,0.762,src_imgs/family.png
dst_imgs/JPEG/family.JPEG.5.png,2,jpeg,family,5,0.059000000000000004,0.846,src_imgs/family.png
dst_imgs/JPEG/fisher.JPEG.1.png,2,jpeg,fisher,1,0.012,0.008,src_imgs/fisher.png
dst_imgs/JPEG/fisher.JPEG.2.png,2,jpeg,fisher,2,0.046,0.18,src_imgs/fisher.png
dst_imgs/JPEG/fisher.JPEG.3.png,2,jpeg,fisher,3,0.188,0.518,src_imgs/fisher.png
dst_imgs/JPEG/fisher.JPEG.4.png,2,jpeg,fisher,4,0.127,0.725,src_imgs/fisher.png
dst_imgs/JPEG/fisher.JPEG.5.png,2,jpeg,fisher,5,0.124,0.7909999999999999,src_imgs/fisher.png
dst_imgs/JPEG/foxy.JPEG.1.png,2,jpeg,foxy,1,0.001,0.016,src_imgs/foxy.png
dst_imgs/JPEG/foxy.JPEG.2.png,2,jpeg,foxy,2,0.085,0.075,src_imgs/foxy.png
dst_imgs/JPEG/foxy.JPEG.3.png,2,jpeg,foxy,3,0.154,0.154,src_imgs/foxy.png
dst_imgs/JPEG/foxy.JPEG.4.png,2,jpeg,foxy,4,0.154,0.322,src_imgs/foxy.png
dst_imgs/JPEG/foxy.JPEG.5.png,2,jpeg,foxy,5,0.051,0.551,src_imgs/foxy.png
dst_imgs/JPEG/geckos.JPEG.1.png,2,jpeg,geckos,1,0.0,0.022000000000000002,src_imgs/geckos.png
dst_imgs/JPEG/geckos.JPEG.2.png,2,jpeg,geckos,2,0.085,0.047,src_imgs/geckos.png
dst_imgs/JPEG/geckos.JPEG.3.png,2,jpeg,geckos,3,0.163,0.135,src_imgs/geckos.png
dst_imgs/JPEG/geckos.JPEG.4.png,2,jpeg,geckos,4,0.07,0.46299999999999997,src_imgs/geckos.png
dst_imgs/JPEG/geckos.JPEG.5.png,2,jpeg,geckos,5,0.0,0.7340000000000001,src_imgs/geckos.png
dst_imgs/JPEG/lady_liberty.JPEG.1.png,2,jpeg,lady_liberty,1,0.009000000000000001,0.017,src_imgs/lady_liberty.png
dst_imgs/JPEG/lady_liberty.JPEG.2.png,2,jpeg,lady_liberty,2,0.045,0.27399999999999997,src_imgs/lady_liberty.png
dst_imgs/JPEG/lady_liberty.JPEG.3.png,2,jpeg,lady_liberty,3,0.17,0.532,src_imgs/lady_liberty.png
dst_imgs/JPEG/lady_liberty.JPEG.4.png,2,jpeg,lady_liberty,4,0.155,0.655,src_imgs/lady_liberty.png
dst_imgs/JPEG/lady_liberty.JPEG.5.png,2,jpeg,lady_liberty,5,0.159,0.77,src_imgs/lady_liberty.png
dst_imgs/JPEG/lake.JPEG.1.png,2,jpeg,lake,1,0.026000000000000002,0.021,src_imgs/lake.png
dst_imgs/JPEG/lake.JPEG.2.png,2,jpeg,lake,2,0.05,0.079,src_imgs/lake.png
dst_imgs/JPEG/lake.JPEG.3.png,2,jpeg,lake,3,0.124,0.156,src_imgs/lake.png
dst_imgs/JPEG/lake.JPEG.4.png,2,jpeg,lake,4,0.16,0.429,src_imgs/lake.png
dst_imgs/JPEG/lake.JPEG.5.png,2,jpeg,lake,5,0.0,0.73,src_imgs/lake.png
dst_imgs/JPEG/log_seaside.JPEG.1.png,2,jpeg,log_seaside,1,0.0,0.0,src_imgs/log_seaside.png
dst_imgs/JPEG/log_seaside.JPEG.2.png,2,jpeg,log_seaside,2,0.006999999999999999,0.009000000000000001,src_imgs/log_seaside.png
dst_imgs/JPEG/log_seaside.JPEG.3.png,2,jpeg,log_seaside,3,0.036000000000000004,0.038,src_imgs/log_seaside.png
dst_imgs/JPEG/log_seaside.JPEG.4.png,2,jpeg,log_seaside,4,0.053,0.26899999999999996,src_imgs/log_seaside.png
dst_imgs/JPEG/log_seaside.JPEG.5.png,2,jpeg,log_seaside,5,0.064,0.639,src_imgs/log_seaside.png
dst_imgs/JPEG/monument.JPEG.1.png,2,jpeg,monument,1,0.006999999999999999,0.016,src_imgs/monument.png
dst_imgs/JPEG/monument.JPEG.2.png,2,jpeg,monument,2,0.052000000000000005,0.063,src_imgs/monument.png
dst_imgs/JPEG/monument.JPEG.3.png,2,jpeg,monument,3,0.099,0.324,src_imgs/monument.png
dst_imgs/JPEG/monument.JPEG.4.png,2,jpeg,monument,4,0.131,0.568,src_imgs/monument.png
dst_imgs/JPEG/monument.JPEG.5.png,2,jpeg,monument,5,0.05,0.7659999999999999,src_imgs/monument.png
dst_imgs/JPEG/native_american.JPEG.1.png,2,jpeg,native_american,1,0.035,0.023,src_imgs/native_american.png
dst_imgs/JPEG/native_american.JPEG.2.png,2,jpeg,native_american,2,0.085,0.092,src_imgs/native_american.png
dst_imgs/JPEG/native_american.JPEG.3.png,2,jpeg,native_american,3,0.134,0.36200000000000004,src_imgs/native_american.png
dst_imgs/JPEG/native_american.JPEG.4.png,2,jpeg,native_american,4,0.064,0.6990000000000001,src_imgs/native_american.png
dst_imgs/JPEG/native_american.JPEG.5.png,2,jpeg,native_american,5,0.036000000000000004,0.8270000000000001,src_imgs/native_american.png
dst_imgs/JPEG/redwood.JPEG.1.png,2,jpeg,redwood,1,0.004,0.027000000000000003,src_imgs/redwood.png
dst_imgs/JPEG/redwood.JPEG.2.png,2,jpeg,redwood,2,0.099,0.099,src_imgs/redwood.png
dst_imgs/JPEG/redwood.JPEG.3.png,2,jpeg,redwood,3,0.163,0.425,src_imgs/redwood.png
dst_imgs/JPEG/redwood.JPEG.4.png,2,jpeg,redwood,4,0.111,0.745,src_imgs/redwood.png
dst_imgs/JPEG/redwood.JPEG.5.png,2,jpeg,redwood,5,0.013999999999999999,0.846,src_imgs/redwood.png
dst_imgs/JPEG/roping.JPEG.1.png,2,jpeg,roping,1,0.015,0.013999999999999999,src_imgs/roping.png
dst_imgs/JPEG/roping.JPEG.2.png,2,jpeg,roping,2,0.062,0.075,src_imgs/roping.png
dst_imgs/JPEG/roping.JPEG.3.png,2,jpeg,roping,3,0.156,0.3,src_imgs/roping.png
dst_imgs/JPEG/roping.JPEG.4.png,2,jpeg,roping,4,0.147,0.599,src_imgs/roping.png
dst_imgs/JPEG/roping.JPEG.5.png,2,jpeg,roping,5,0.08800000000000001,0.8290000000000001,src_imgs/roping.png
dst_imgs/JPEG/rushmore.JPEG.1.png,2,jpeg,rushmore,1,0.01,0.024,src_imgs/rushmore.png
dst_imgs/JPEG/rushmore.JPEG.2.png,2,jpeg,rushmore,2,0.06,0.043,src_imgs/rushmore.png
dst_imgs/JPEG/rushmore.JPEG.3.png,2,jpeg,rushmore,3,0.092,0.18100000000000002,src_imgs/rushmore.png
dst_imgs/JPEG/rushmore.JPEG.4.png,2,jpeg,rushmore,4,0.08199999999999999,0.537,src_imgs/rushmore.png
dst_imgs/JPEG/rushmore.JPEG.5.png,2,jpeg,rushmore,5,0.06,0.6659999999999999,src_imgs/rushmore.png
dst_imgs/JPEG/shroom.JPEG.1.png,2,jpeg,shroom,1,0.003,0.02,src_imgs/shroom.png
dst_imgs/JPEG/shroom.JPEG.2.png,2,jpeg,shroom,2,0.136,0.125,src_imgs/shroom.png
dst_imgs/JPEG/shroom.JPEG.3.png,2,jpeg,shroom,3,0.094,0.307,src_imgs/shroom.png
dst_imgs/JPEG/shroom.JPEG.4.png,2,jpeg,shroom,4,0.047,0.6629999999999999,src_imgs/shroom.png
dst_imgs/JPEG/shroom.JPEG.5.png,2,jpeg,shroom,5,0.038,0.78,src_imgs/shroom.png
dst_imgs/JPEG/snow_leaves.JPEG.1.png,2,jpeg,snow_leaves,1,0.036000000000000004,0.022000000000000002,src_imgs/snow_leaves.png
dst_imgs/JPEG/snow_leaves.JPEG.2.png,2,jpeg,snow_leaves,2,0.035,0.06,src_imgs/snow_leaves.png
dst_imgs/JPEG/snow_leaves.JPEG.3.png,2,jpeg,snow_leaves,3,0.128,0.261,src_imgs/snow_leaves.png
dst_imgs/JPEG/snow_leaves.JPEG.4.png,2,jpeg,snow_leaves,4,0.11900000000000001,0.555,src_imgs/snow_leaves.png
dst_imgs/JPEG/snow_leaves.JPEG.5.png,2,jpeg,snow_leaves,5,0.064,0.711,src_imgs/snow_leaves.png
dst_imgs/JPEG/sunsetcolor.JPEG.1.png,2,jpeg,sunsetcolor,1,0.031,0.031,src_imgs/sunsetcolor.png
dst_imgs/JPEG/sunsetcolor.JPEG.2.png,2,jpeg,sunsetcolor,2,0.078,0.436,src_imgs/sunsetcolor.png
dst_imgs/JPEG/sunsetcolor.JPEG.3.png,2,jpeg,sunsetcolor,3,0.094,0.693,src_imgs/sunsetcolor.png
dst_imgs/JPEG/sunsetcolor.JPEG.4.png,2,jpeg,sunsetcolor,4,0.079,0.885,src_imgs/sunsetcolor.png
dst_imgs/JPEG/sunsetcolor.JPEG.5.png,2,jpeg,sunsetcolor,5,0.079,0.9179999999999999,src_imgs/sunsetcolor.png
dst_imgs/JPEG/sunset_sparrow.JPEG.1.png,2,jpeg,sunset_sparrow,1,0.061,0.043,src_imgs/sunset_sparrow.png
dst_imgs/JPEG/sunset_sparrow.JPEG.2.png,2,jpeg,sunset_sparrow,2,0.071,0.11699999999999999,src_imgs/sunset_sparrow.png
dst_imgs/JPEG/sunset_sparrow.JPEG.3.png,2,jpeg,sunset_sparrow,3,0.146,0.342,src_imgs/sunset_sparrow.png
dst_imgs/JPEG/sunset_sparrow.JPEG.4.png,2,jpeg,sunset_sparrow,4,0.062,0.722,src_imgs/sunset_sparrow.png
dst_imgs/JPEG/sunset_sparrow.JPEG.5.png,2,jpeg,sunset_sparrow,5,0.034,0.826,src_imgs/sunset_sparrow.png
dst_imgs/JPEG/swarm.JPEG.1.png,2,jpeg,swarm,1,0.057999999999999996,0.047,src_imgs/swarm.png
dst_imgs/JPEG/swarm.JPEG.2.png,2,jpeg,swarm,2,0.079,0.369,src_imgs/swarm.png
dst_imgs/JPEG/swarm.JPEG.3.png,2,jpeg,swarm,3,0.161,0.7140000000000001,src_imgs/swarm.png
dst_imgs/JPEG/swarm.JPEG.4.png,2,jpeg,swarm,4,0.168,0.7759999999999999,src_imgs/swarm.png
dst_imgs/JPEG/swarm.JPEG.5.png,2,jpeg,swarm,5,0.11199999999999999,0.8909999999999999,src_imgs/swarm.png
dst_imgs/JPEG/trolley.JPEG.1.png,2,jpeg,trolley,1,0.003,0.026000000000000002,src_imgs/trolley.png
dst_imgs/JPEG/trolley.JPEG.2.png,2,jpeg,trolley,2,0.039,0.057,src_imgs/trolley.png
dst_imgs/JPEG/trolley.JPEG.3.png,2,jpeg,trolley,3,0.106,0.168,src_imgs/trolley.png
dst_imgs/JPEG/trolley.JPEG.4.png,2,jpeg,trolley,4,0.07,0.578,src_imgs/trolley.png
dst_imgs/JPEG/trolley.JPEG.5.png,2,jpeg,trolley,5,0.046,0.727,src_imgs/trolley.png
dst_imgs/JPEG/turtle.JPEG.1.png,2,jpeg,turtle,1,0.002,0.015,src_imgs/turtle.png
dst_imgs/JPEG/turtle.JPEG.2.png,2,jpeg,turtle,2,0.027000000000000003,0.129,src_imgs/turtle.png
dst_imgs/JPEG/turtle.JPEG.3.png,2,jpeg,turtle,3,0.10300000000000001,0.488,src_imgs/turtle.png
dst_imgs/JPEG/turtle.JPEG.4.png,2,jpeg,turtle,4,0.07400000000000001,0.69,src_imgs/turtle.png
dst_imgs/JPEG/turtle.JPEG.5.png,2,jpeg,turtle,5,0.085,0.775,src_imgs/turtle.png
dst_imgs/JPEG/veggies.JPEG.1.png,2,jpeg,veggies,1,0.046,0.038,src_imgs/veggies.png
dst_imgs/JPEG/veggies.JPEG.2.png,2,jpeg,veggies,2,0.073,0.10800000000000001,src_imgs/veggies.png
dst_imgs/JPEG/veggies.JPEG.3.png,2,jpeg,veggies,3,0.10099999999999999,0.22899999999999998,src_imgs/veggies.png
dst_imgs/JPEG/veggies.JPEG.4.png,2,jpeg,veggies,4,0.151,0.59,src_imgs/veggies.png
dst_imgs/JPEG/veggies.JPEG.5.png,2,jpeg,veggies,5,0.026000000000000002,0.73,src_imgs/veggies.png
dst_imgs/JPEG/woman.JPEG.1.png,2,jpeg,woman,1,0.042,0.031,src_imgs/woman.png
dst_imgs/JPEG/woman.JPEG.2.png,2,jpeg,woman,2,0.11199999999999999,0.11900000000000001,src_imgs/woman.png
dst_imgs/JPEG/woman.JPEG.3.png,2,jpeg,woman,3,0.11199999999999999,0.348,src_imgs/woman.png
dst_imgs/JPEG/woman.JPEG.4.png,2,jpeg,woman,4,0.138,0.621,src_imgs/woman.png
dst_imgs/JPEG/woman.JPEG.5.png,2,jpeg,woman,5,0.05,0.7829999999999999,src_imgs/woman.png
dst_imgs/jpeg2000/1600.jpeg2000.1.png,3,jpeg2000,1600,1,0.002,0.012,src_imgs/1600.png
dst_imgs/jpeg2000/1600.jpeg2000.2.png,3,jpeg2000,1600,2,0.059000000000000004,0.135,src_imgs/1600.png
dst_imgs/jpeg2000/1600.jpeg2000.3.png,3,jpeg2000,1600,3,0.07,0.364,src_imgs/1600.png
dst_imgs/jpeg2000/1600.jpeg2000.4.png,3,jpeg2000,1600,4,0.092,0.5760000000000001,src_imgs/1600.png
dst_imgs/jpeg2000/1600.jpeg2000.5.png,3,jpeg2000,1600,5,0.0,0.8270000000000001,src_imgs/1600.png
dst_imgs/jpeg2000/aerial_city.jpeg2000.1.png,3,jpeg2000,aerial_city,1,0.009000000000000001,0.027000000000000003,src_imgs/aerial_city.png
dst_imgs/jpeg2000/aerial_city.jpeg2000.2.png,3,jpeg2000,aerial_city,2,0.013000000000000001,0.191,src_imgs/aerial_city.png
dst_imgs/jpeg2000/aerial_city.jpeg2000.3.png,3,jpeg2000,aerial_city,3,0.079,0.486,src_imgs/aerial_city.png
dst_imgs/jpeg2000/aerial_city.jpeg2000.4.png,3,jpeg2000,aerial_city,4,0.122,0.754,src_imgs/aerial_city.png
dst_imgs/jpeg2000/aerial_city.jpeg2000.5.png,3,jpeg2000,aerial_city,5,0.0,0.956,src_imgs/aerial_city.png
dst_imgs/jpeg2000/boston.jpeg2000.1.png,3,jpeg2000,boston,1,0.0,0.0,src_imgs/boston.png
dst_imgs/jpeg2000/boston.jpeg2000.2.png,3,jpeg2000,boston,2,0.095,0.11800000000000001,src_imgs/boston.png
dst_imgs/jpeg2000/boston.jpeg2000.3.png,3,jpeg2000,boston,3,0.122,0.389,src_imgs/boston.png
dst_imgs/jpeg2000/boston.jpeg2000.4.png,3,jpeg2000,boston,4,0.096,0.6970000000000001,src_imgs/boston.png
dst_imgs/jpeg2000/boston.jpeg2000.5.png,3,jpeg2000,boston,5,0.003,0.904,src_imgs/boston.png
dst_imgs/jpeg2000/bridge.jpeg2000.1.png,3,jpeg2000,bridge,1,0.044000000000000004,0.038,src_imgs/bridge.png
dst_imgs/jpeg2000/bridge.jpeg2000.2.png,3,jpeg2000,bridge,2,0.066,0.203,src_imgs/bridge.png
dst_imgs/jpeg2000/bridge.jpeg2000.3.png,3,jpeg2000,bridge,3,0.09699999999999999,0.409,src_imgs/bridge.png
dst_imgs/jpeg2000/bridge.jpeg2000.4.png,3,jpeg2000,bridge,4,0.08900000000000001,0.6509999999999999,src_imgs/bridge.png
dst_imgs/jpeg2000/bridge.jpeg2000.5.png,3,jpeg2000,bridge,5,0.034,0.825,src_imgs/bridge.png
dst_imgs/jpeg2000/butter_flower.jpeg2000.1.png,3,jpeg2000,butter_flower,1,0.01,0.027999999999999997,src_imgs/butter_flower.png
dst_imgs/jpeg2000/butter_flower.jpeg2000.2.png,3,jpeg2000,butter_flower,2,0.08,0.14300000000000002,src_imgs/butter_flower.png
dst_imgs/jpeg2000/butter_flower.jpeg2000.3.png,3,jpeg2000,butter_flower,3,0.139,0.46,src_imgs/butter_flower.png
dst_imgs/jpeg2000/butter_flower.jpeg2000.4.png,3,jpeg2000,butter_flower,4,0.105,0.779,src_imgs/butter_flower.png
dst_imgs/jpeg2000/butter_flower.jpeg2000.5.png,3,jpeg2000,butter_flower,5,0.005,0.9259999999999999,src_imgs/butter_flower.png
dst_imgs/jpeg2000/cactus.jpeg2000.1.png,3,jpeg2000,cactus,1,0.087,0.079,src_imgs/cactus.png
dst_imgs/jpeg2000/cactus.jpeg2000.2.png,3,jpeg2000,cactus,2,0.12,0.209,src_imgs/cactus.png
dst_imgs/jpeg2000/cactus.jpeg2000.3.png,3,jpeg2000,cactus,3,0.138,0.405,src_imgs/cactus.png
dst_imgs/jpeg2000/cactus.jpeg2000.4.png,3,jpeg2000,cactus,4,0.08800000000000001,0.639,src_imgs/cactus.png
dst_imgs/jpeg2000/cactus.jpeg2000.5.png,3,jpeg2000,cactus,5,0.0,0.785,src_imgs/cactus.png
dst_imgs/jpeg2000/child_swimming.jpeg2000.1.png,3,jpeg2000,child_swimming,1,0.001,0.028999999999999998,src_imgs/child_swimming.png
dst_imgs/jpeg2000/child_swimming.jpeg2000.2.png,3,jpeg2000,child_swimming,2,0.065,0.043,src_imgs/child_swimming.png
dst_imgs/jpeg2000/child_swimming.jpeg2000.3.png,3,jpeg2000,child_swimming,3,0.066,0.32299999999999995,src_imgs/child_swimming.png
dst_imgs/jpeg2000/child_swimming.jpeg2000.4.png,3,jpeg2000,child_swimming,4,0.059000000000000004,0.547,src_imgs/child_swimming.png
dst_imgs/jpeg2000/child_swimming.jpeg2000.5.png,3,jpeg2000,child_swimming,5,0.001,0.7659999999999999,src_imgs/child_swimming.png
dst_imgs/jpeg2000/couple.jpeg2000.1.png,3,jpeg2000,couple,1,0.0,0.002,src_imgs/couple.png
dst_imgs/jpeg2000/couple.jpeg2000.2.png,3,jpeg2000,couple,2,0.061,0.073,src_imgs/couple.png
dst_imgs/jpeg2000/couple.jpeg2000.3.png,3,jpeg2000,couple,3,0.08199999999999999,0.386,src_imgs/couple.png
dst_imgs/jpeg2000/couple.jpeg2000.4.png,3,jpeg2000,couple,4,0.048,0.631,src_imgs/couple.png
dst_imgs/jpeg2000/couple.jpeg2000.5.png,3,jpeg2000,couple,5,0.003,0.805,src_imgs/couple.png
dst_imgs/jpeg2000/elk.jpeg2000.1.png,3,jpeg2000,elk,1,0.043,0.027000000000000003,src_imgs/elk.png
dst_imgs/jpeg2000/elk.jpeg2000.2.png,3,jpeg2000,elk,2,0.023,0.07400000000000001,src_imgs/elk.png
dst_imgs/jpeg2000/elk.jpeg2000.3.png,3,jpeg2000,elk,3,0.036000000000000004,0.245,src_imgs/elk.png
dst_imgs/jpeg2000/elk.jpeg2000.4.png,3,jpeg2000,elk,4,0.1,0.546,src_imgs/elk.png
dst_imgs/jpeg2000/elk.jpeg2000.5.png,3,jpeg2000,elk,5,0.0,0.8109999999999999,src_imgs/elk.png
dst_imgs/jpeg2000/family.jpeg2000.1.png,3,jpeg2000,family,1,0.047,0.044000000000000004,src_imgs/family.png
dst_imgs/jpeg2000/family.jpeg2000.2.png,3,jpeg2000,family,2,0.064,0.23800000000000002,src_imgs/family.png
dst_imgs/jpeg2000/family.jpeg2000.3.png,3,jpeg2000,family,3,0.019,0.5589999999999999,src_imgs/family.png
dst_imgs/jpeg2000/family.jpeg2000.4.png,3,jpeg2000,family,4,0.075,0.762,src_imgs/family.png
dst_imgs/jpeg2000/family.jpeg2000.5.png,3,jpeg2000,family,5,0.0,0.977,src_imgs/family.png
dst_imgs/jpeg2000/fisher.jpeg2000.1.png,3,jpeg2000,fisher,1,0.013000000000000001,0.008,src_imgs/fisher.png
dst_imgs/jpeg2000/fisher.jpeg2000.2.png,3,jpeg2000,fisher,2,0.013000000000000001,0.17600000000000002,src_imgs/fisher.png
dst_imgs/jpeg2000/fisher.jpeg2000.3.png,3,jpeg2000,fisher,3,0.064,0.518,src_imgs/fisher.png
dst_imgs/jpeg2000/fisher.jpeg2000.4.png,3,jpeg2000,fisher,4,0.067,0.8079999999999999,src_imgs/fisher.png
dst_imgs/jpeg2000/fisher.jpeg2000.5.png,3,jpeg2000,fisher,5,0.0,0.972,src_imgs/fisher.png
dst_imgs/jpeg2000/foxy.jpeg2000.1.png,3,jpeg2000,foxy,1,0.0,0.015,src_imgs/foxy.png
dst_imgs/jpeg2000/foxy.jpeg2000.2.png,3,jpeg2000,foxy,2,0.053,0.055999999999999994,src_imgs/foxy.png
dst_imgs/jpeg2000/foxy.jpeg2000.3.png,3,jpeg2000,foxy,3,0.04,0.179,src_imgs/foxy.png
dst_imgs/jpeg2000/foxy.jpeg2000.4.png,3,jpeg2000,foxy,4,0.09300000000000001,0.379,src_imgs/foxy.png
dst_imgs/jpeg2000/foxy.jpeg2000.5.png,3,jpeg2000,foxy,5,0.0,0.609,src_imgs/foxy.png
dst_imgs/jpeg2000/geckos.jpeg2000.1.png,3,jpeg2000,geckos,1,0.001,0.022000000000000002,src_imgs/geckos.png
dst_imgs/jpeg2000/geckos.jpeg2000.2.png,3,jpeg2000,geckos,2,0.073,0.044000000000000004,src_imgs/geckos.png
dst_imgs/jpeg2000/geckos.jpeg2000.3.png,3,jpeg2000,geckos,3,0.09,0.17,src_imgs/geckos.png
dst_imgs/jpeg2000/geckos.jpeg2000.4.png,3,jpeg2000,geckos,4,0.065,0.377,src_imgs/geckos.png
dst_imgs/jpeg2000/geckos.jpeg2000.5.png,3,jpeg2000,geckos,5,0.063,0.617,src_imgs/geckos.png
dst_imgs/jpeg2000/lady_liberty.jpeg2000.1.png,3,jpeg2000,lady_liberty,1,0.043,0.031,src_imgs/lady_liberty.png
dst_imgs/jpeg2000/lady_liberty.jpeg2000.2.png,3,jpeg2000,lady_liberty,2,0.12,0.267,src_imgs/lady_liberty.png
dst_imgs/jpeg2000/lady_liberty.jpeg2000.3.png,3,jpeg2000,lady_liberty,3,0.061,0.509,src_imgs/lady_liberty.png
dst_imgs/jpeg2000/lady_liberty.jpeg2000.4.png,3,jpeg2000,lady_liberty,4,0.113,0.763,src_imgs/lady_liberty.png
dst_imgs/jpeg2000/lady_liberty.jpeg2000.5.png,3,jpeg2000,lady_liberty,5,0.039,0.907,src_imgs/lady_liberty.png
dst_imgs/jpeg2000/lake.jpeg2000.1.png,3,jpeg2000,lake,1,0.105,0.065,src_imgs/lake.png
dst_imgs/jpeg2000/lake.jpeg2000.2.png,3,jpeg2000,lake,2,0.14800000000000002,0.16699999999999998,src_imgs/lake.png
dst_imgs/jpeg2000/lake.jpeg2000.3.png,3,jpeg2000,lake,3,0.163,0.248,src_imgs/lake.png
dst_imgs/jpeg2000/lake.jpeg2000.4.png,3,jpeg2000,lake,4,0.142,0.408,src_imgs/lake.png
dst_imgs/jpeg2000/lake.jpeg2000.5.png,3,jpeg2000,lake,5,0.043,0.682,src_imgs/lake.png
dst_imgs/jpeg2000/log_seaside.jpeg2000.1.png,3,jpeg2000,log_seaside,1,0.0,0.0,src_imgs/log_seaside.png
dst_imgs/jpeg2000/log_seaside.jpeg2000.2.png,3,jpeg2000,log_seaside,2,0.047,0.045,src_imgs/log_seaside.png
dst_imgs/jpeg2000/log_seaside.jpeg2000.3.png,3,jpeg2000,log_seaside,3,0.026000000000000002,0.16,src_imgs/log_seaside.png
dst_imgs/jpeg2000/log_seaside.jpeg2000.4.png,3,jpeg2000,log_seaside,4,0.07400000000000001,0.39399999999999996,src_imgs/log_seaside.png
dst_imgs/jpeg2000/log_seaside.jpeg2000.5.png,3,jpeg2000,log_seaside,5,0.06,0.693,src_imgs/log_seaside.png
dst_imgs/jpeg2000/monument.jpeg2000.1.png,3,jpeg2000,monument,1,0.002,0.015,src_imgs/monument.png
dst_imgs/jpeg2000/monument.jpeg2000.2.png,3,jpeg2000,monument,2,0.035,0.106,src_imgs/monument.png
dst_imgs/jpeg2000/monument.jpeg2000.3.png,3,jpeg2000,monument,3,0.049,0.381,src_imgs/monument.png
dst_imgs/jpeg2000/monument.jpeg2000.4.png,3,jpeg2000,monument,4,0.051,0.665,src_imgs/monument.png
dst_imgs/jpeg2000/monument.jpeg2000.5.png,3,jpeg2000,monument,5,0.0,0.821,src_imgs/monument.png
dst_imgs/jpeg2000/native_american.jpeg2000.1.png,3,jpeg2000,native_american,1,0.068,0.055,src_imgs/native_american.png
dst_imgs/jpeg2000/native_american.jpeg2000.2.png,3,jpeg2000,native_american,2,0.069,0.15,src_imgs/native_american.png
dst_imgs/jpeg2000/native_american.jpeg2000.3.png,3,jpeg2000,native_american,3,0.08199999999999999,0.373,src_imgs/native_american.png
dst_imgs/jpeg2000/native_american.jpeg2000.4.png,3,jpeg2000,native_american,4,0.064,0.723,src_imgs/native_american.png
dst_imgs/jpeg2000/native_american.jpeg2000.5.png,3,jpeg2000,native_american,5,0.004,0.887,src_imgs/native_american.png
dst_imgs/jpeg2000/redwood.jpeg2000.1.png,3,jpeg2000,redwood,1,0.013999999999999999,0.032,src_imgs/redwood.png
dst_imgs/jpeg2000/redwood.jpeg2000.2.png,3,jpeg2000,redwood,2,0.091,0.182,src_imgs/redwood.png
dst_imgs/jpeg2000/redwood.jpeg2000.3.png,3,jpeg2000,redwood,3,0.18100000000000002,0.434,src_imgs/redwood.png
dst_imgs/jpeg2000/redwood.jpeg2000.4.png,3,jpeg2000,redwood,4,0.098,0.6809999999999999,src_imgs/redwood.png
dst_imgs/jpeg2000/redwood.jpeg2000.5.png,3,jpeg2000,redwood,5,0.018000000000000002,0.8859999999999999,src_imgs/redwood.png
dst_imgs/jpeg2000/roping.jpeg2000.1.png,3,jpeg2000,roping,1,0.019,0.017,src_imgs/roping.png
dst_imgs/jpeg2000/roping.jpeg2000.2.png,3,jpeg2000,roping,2,0.091,0.172,src_imgs/roping.png
dst_imgs/jpeg2000/roping.jpeg2000.3.png,3,jpeg2000,roping,3,0.14400000000000002,0.364,src_imgs/roping.png
dst_imgs/jpeg2000/roping.jpeg2000.4.png,3,jpeg2000,roping,4,0.154,0.6709999999999999,src_imgs/roping.png
dst_imgs/jpeg2000/roping.jpeg2000.5.png,3,jpeg2000,roping,5,0.0,0.91,src_imgs/roping.png
dst_imgs/jpeg2000/rushmore.jpeg2000.1.png,3,jpeg2000,rushmore,1,0.027999999999999997,0.018000000000000002,src_imgs/rushmore.png
dst_imgs/jpeg2000/rushmore.jpeg2000.2.png,3,jpeg2000,rushmore,2,0.051,0.09,src_imgs/rushmore.png
dst_imgs/jpeg2000/rushmore.jpeg2000.3.png,3,jpeg2000,rushmore,3,0.034,0.306,src_imgs/rushmore.png
dst_imgs/jpeg2000/rushmore.jpeg2000.4.png,3,jpeg2000,rushmore,4,0.019,0.501,src_imgs/rushmore.png
dst_imgs/jpeg2000/rushmore.jpeg2000.5.png,3,jpeg2000,rushmore,5,0.0,0.754,src_imgs/rushmore.png
dst_imgs/jpeg2000/shroom.jpeg2000.1.png,3,jpeg2000,shroom,1,0.005,0.004,src_imgs/shroom.png
dst_imgs/jpeg2000/shroom.jpeg2000.2.png,3,jpeg2000,shroom,2,0.051,0.08,src_imgs/shroom.png
dst_imgs/jpeg2000/shroom.jpeg2000.3.png,3,jpeg2000,shroom,3,0.064,0.391,src_imgs/shroom.png
dst_imgs/jpeg2000/shroom.jpeg2000.4.png,3,jpeg2000,shroom,4,0.03,0.605,src_imgs/shroom.png
dst_imgs/jpeg2000/shroom.jpeg2000.5.png,3,jpeg2000,shroom,5,0.001,0.8370000000000001,src_imgs/shroom.png
dst_imgs/jpeg2000/snow_leaves.jpeg2000.1.png,3,jpeg2000,snow_leaves,1,0.005,0.004,src_imgs/snow_leaves.png
dst_imgs/jpeg2000/snow_leaves.jpeg2000.2.png,3,jpeg2000,snow_leaves,2,0.067,0.078,src_imgs/snow_leaves.png
dst_imgs/jpeg2000/snow_leaves.jpeg2000.3.png,3,jpeg2000,snow_leaves,3,0.048,0.187,src_imgs/snow_leaves.png
dst_imgs/jpeg2000/snow_leaves.jpeg2000.4.png,3,jpeg2000,snow_leaves,4,0.084,0.555,src_imgs/snow_leaves.png
dst_imgs/jpeg2000/snow_leaves.jpeg2000.5.png,3,jpeg2000,snow_leaves,5,0.035,0.757,src_imgs/snow_leaves.png
dst_imgs/jpeg2000/sunsetcolor.jpeg2000.1.png,3,jpeg2000,sunsetcolor,1,0.022000000000000002,0.024,src_imgs/sunsetcolor.png
dst_imgs/jpeg2000/sunsetcolor.jpeg2000.2.png,3,jpeg2000,sunsetcolor,2,0.138,0.301,src_imgs/sunsetcolor.png
dst_imgs/jpeg2000/sunsetcolor.jpeg2000.3.png,3,jpeg2000,sunsetcolor,3,0.016,0.655,src_imgs/sunsetcolor.png
dst_imgs/jpeg2000/sunsetcolor.jpeg2000.4.png,3,jpeg2000,sunsetcolor,4,0.055999999999999994,0.851,src_imgs/sunsetcolor.png
dst_imgs/jpeg2000/sunsetcolor.jpeg2000.5.png,3,jpeg2000,sunsetcolor,5,0.021,1.0,src_imgs/sunsetcolor.png
dst_imgs/jpeg2000/sunset_sparrow.jpeg2000.1.png,3,jpeg2000,sunset_sparrow,1,0.083,0.057999999999999996,src_imgs/sunset_sparrow.png
dst_imgs/jpeg2000/sunset_sparrow.jpeg2000.2.png,3,jpeg2000,sunset_sparrow,2,0.096,0.179,src_imgs/sunset_sparrow.png
dst_imgs/jpeg2000/sunset_sparrow.jpeg2000.3.png,3,jpeg2000,sunset_sparrow,3,0.115,0.391,src_imgs/sunset_sparrow.png
dst_imgs/jpeg2000/sunset_sparrow.jpeg2000.4.png,3,jpeg2000,sunset_sparrow,4,0.094,0.606,src_imgs/sunset_sparrow.png
dst_imgs/jpeg2000/sunset_sparrow.jpeg2000.5.png,3,jpeg2000,sunset_sparrow,5,0.001,0.889,src_imgs/sunset_sparrow.png
dst_imgs/jpeg2000/swarm.jpeg2000.1.png,3,jpeg2000,swarm,1,0.015,0.033,src_imgs/swarm.png
dst_imgs/jpeg2000/swarm.jpeg2000.2.png,3,jpeg2000,swarm,2,0.141,0.313,src_imgs/swarm.png
dst_imgs/jpeg2000/swarm.jpeg2000.3.png,3,jpeg2000,swarm,3,0.14300000000000002,0.5720000000000001,src_imgs/swarm.png
dst_imgs/jpeg2000/swarm.jpeg2000.4.png,3,jpeg2000,swarm,4,0.068,0.8370000000000001,src_imgs/swarm.png
dst_imgs/jpeg2000/swarm.jpeg2000.5.png,3,jpeg2000,swarm,5,0.032,0.9670000000000001,src_imgs/swarm.png
dst_imgs/jpeg2000/trolley.jpeg2000.1.png,3,jpeg2000,trolley,1,0.015,0.036000000000000004,src_imgs/trolley.png
dst_imgs/jpeg2000/trolley.jpeg2000.2.png,3,jpeg2000,trolley,2,0.099,0.16399999999999998,src_imgs/trolley.png
dst_imgs/jpeg2000/trolley.jpeg2000.3.png,3,jpeg2000,trolley,3,0.054000000000000006,0.35,src_imgs/trolley.png
dst_imgs/jpeg2000/trolley.jpeg2000.4.png,3,jpeg2000,trolley,4,0.066,0.5329999999999999,src_imgs/trolley.png
dst_imgs/jpeg2000/trolley.jpeg2000.5.png,3,jpeg2000,trolley,5,0.01,0.764,src_imgs/trolley.png
dst_imgs/jpeg2000/turtle.jpeg2000.1.png,3,jpeg2000,turtle,1,0.003,0.002,src_imgs/turtle.png
dst_imgs/jpeg2000/turtle.jpeg2000.2.png,3,jpeg2000,turtle,2,0.083,0.162,src_imgs/turtle.png
dst_imgs/jpeg2000/turtle.jpeg2000.3.png,3,jpeg2000,turtle,3,0.055999999999999994,0.532,src_imgs/turtle.png
dst_imgs/jpeg2000/turtle.jpeg2000.4.png,3,jpeg2000,turtle,4,0.051,0.802,src_imgs/turtle.png
dst_imgs/jpeg2000/turtle.jpeg2000.5.png,3,jpeg2000,turtle,5,0.001,0.9840000000000001,src_imgs/turtle.png
dst_imgs/jpeg2000/veggies.jpeg2000.1.png,3,jpeg2000,veggies,1,0.062,0.045,src_imgs/veggies.png
dst_imgs/jpeg2000/veggies.jpeg2000.2.png,3,jpeg2000,veggies,2,0.127,0.114,src_imgs/veggies.png
dst_imgs/jpeg2000/veggies.jpeg2000.3.png,3,jpeg2000,veggies,3,0.17,0.317,src_imgs/veggies.png
dst_imgs/jpeg2000/veggies.jpeg2000.4.png,3,jpeg2000,veggies,4,0.073,0.5479999999999999,src_imgs/veggies.png
dst_imgs/jpeg2000/veggies.jpeg2000.5.png,3,jpeg2000,veggies,5,0.027999999999999997,0.772,src_imgs/veggies.png
dst_imgs/jpeg2000/woman.jpeg2000.1.png,3,jpeg2000,woman,1,0.015,0.042,src_imgs/woman.png
dst_imgs/jpeg2000/woman.jpeg2000.2.png,3,jpeg2000,woman,2,0.039,0.122,src_imgs/woman.png
dst_imgs/jpeg2000/woman.jpeg2000.3.png,3,jpeg2000,woman,3,0.151,0.40299999999999997,src_imgs/woman.png
dst_imgs/jpeg2000/woman.jpeg2000.4.png,3,jpeg2000,woman,4,0.113,0.6409999999999999,src_imgs/woman.png
dst_imgs/jpeg2000/woman.jpeg2000.5.png,3,jpeg2000,woman,5,0.0,0.897,src_imgs/woman.png
dst_imgs/fnoise/1600.fnoise.1.png,4,fnoise,1600,1,0.042,0.052000000000000005,src_imgs/1600.png
dst_imgs/fnoise/1600.fnoise.2.png,4,fnoise,1600,2,0.057999999999999996,0.253,src_imgs/1600.png
dst_imgs/fnoise/1600.fnoise.3.png,4,fnoise,1600,3,0.021,0.376,src_imgs/1600.png
dst_imgs/fnoise/1600.fnoise.4.png,4,fnoise,1600,4,0.111,0.49,src_imgs/1600.png
dst_imgs/fnoise/1600.fnoise.5.png,4,fnoise,1600,5,0.11599999999999999,0.565,src_imgs/1600.png
dst_imgs/fnoise/aerial_city.fnoise.1.png,4,fnoise,aerial_city,1,0.040999999999999995,0.126,src_imgs/aerial_city.png
dst_imgs/fnoise/aerial_city.fnoise.2.png,4,fnoise,aerial_city,2,0.09699999999999999,0.319,src_imgs/aerial_city.png
dst_imgs/fnoise/aerial_city.fnoise.3.png,4,fnoise,aerial_city,3,0.078,0.475,src_imgs/aerial_city.png
dst_imgs/fnoise/aerial_city.fnoise.4.png,4,fnoise,aerial_city,4,0.052000000000000005,0.601,src_imgs/aerial_city.png
dst_imgs/fnoise/aerial_city.fnoise.5.png,4,fnoise,aerial_city,5,0.07200000000000001,0.708,src_imgs/aerial_city.png
dst_imgs/fnoise/boston.fnoise.1.png,4,fnoise,boston,1,0.049,0.068,src_imgs/boston.png
dst_imgs/fnoise/boston.fnoise.2.png,4,fnoise,boston,2,0.13,0.243,src_imgs/boston.png
dst_imgs/fnoise/boston.fnoise.3.png,4,fnoise,boston,3,0.099,0.498,src_imgs/boston.png
dst_imgs/fnoise/boston.fnoise.4.png,4,fnoise,boston,4,0.10400000000000001,0.62,src_imgs/boston.png
dst_imgs/fnoise/boston.fnoise.5.png,4,fnoise,boston,5,0.10400000000000001,0.7240000000000001,src_imgs/boston.png
dst_imgs/fnoise/bridge.fnoise.1.png,4,fnoise,bridge,1,0.037000000000000005,0.051,src_imgs/bridge.png
dst_imgs/fnoise/bridge.fnoise.2.png,4,fnoise,bridge,2,0.391,0.293,src_imgs/bridge.png
dst_imgs/fnoise/bridge.fnoise.3.png,4,fnoise,bridge,3,0.17600000000000002,0.429,src_imgs/bridge.png
dst_imgs/fnoise/bridge.fnoise.4.png,4,fnoise,bridge,4,0.084,0.595,src_imgs/bridge.png
dst_imgs/fnoise/bridge.fnoise.5.png,4,fnoise,bridge,5,0.057,0.6970000000000001,src_imgs/bridge.png
dst_imgs/fnoise/butter_flower.fnoise.1.png,4,fnoise,butter_flower,1,0.01,0.027999999999999997,src_imgs/butter_flower.png
dst_imgs/fnoise/butter_flower.fnoise.2.png,4,fnoise,butter_flower,2,0.107,0.195,src_imgs/butter_flower.png
dst_imgs/fnoise/butter_flower.fnoise.3.png,4,fnoise,butter_flower,3,0.146,0.382,src_imgs/butter_flower.png
dst_imgs/fnoise/butter_flower.fnoise.4.png,4,fnoise,butter_flower,4,0.034,0.5489999999999999,src_imgs/butter_flower.png
dst_imgs/fnoise/butter_flower.fnoise.5.png,4,fnoise,butter_flower,5,0.061,0.727,src_imgs/butter_flower.png
dst_imgs/fnoise/cactus.fnoise.1.png,4,fnoise,cactus,1,0.141,0.222,src_imgs/cactus.png
dst_imgs/fnoise/cactus.fnoise.2.png,4,fnoise,cactus,2,0.053,0.325,src_imgs/cactus.png
dst_imgs/fnoise/cactus.fnoise.3.png,4,fnoise,cactus,3,0.17300000000000001,0.503,src_imgs/cactus.png
dst_imgs/fnoise/cactus.fnoise.4.png,4,fnoise,cactus,4,0.115,0.595,src_imgs/cactus.png
dst_imgs/fnoise/cactus.fnoise.5.png,4,fnoise,cactus,5,0.028999999999999998,0.667,src_imgs/cactus.png
dst_imgs/fnoise/child_swimming.fnoise.1.png,4,fnoise,child_swimming,1,0.008,0.032,src_imgs/child_swimming.png
dst_imgs/fnoise/child_swimming.fnoise.2.png,4,fnoise,child_swimming,2,0.136,0.226,src_imgs/child_swimming.png
dst_imgs/fnoise/child_swimming.fnoise.3.png,4,fnoise,child_swimming,3,0.154,0.376,src_imgs/child_swimming.png
dst_imgs/fnoise/child_swimming.fnoise.4.png,4,fnoise,child_swimming,4,0.069,0.57,src_imgs/child_swimming.png
dst_imgs/fnoise/child_swimming.fnoise.5.png,4,fnoise,child_swimming,5,0.076,0.6990000000000001,src_imgs/child_swimming.png
dst_imgs/fnoise/couple.fnoise.1.png,4,fnoise,couple,1,0.02,0.012,src_imgs/couple.png
dst_imgs/fnoise/couple.fnoise.2.png,4,fnoise,couple,2,0.040999999999999995,0.08900000000000001,src_imgs/couple.png
dst_imgs/fnoise/couple.fnoise.3.png,4,fnoise,couple,3,0.059000000000000004,0.265,src_imgs/couple.png
dst_imgs/fnoise/couple.fnoise.4.png,4,fnoise,couple,4,0.08,0.467,src_imgs/couple.png
dst_imgs/fnoise/couple.fnoise.5.png,4,fnoise,couple,5,0.122,0.639,src_imgs/couple.png
dst_imgs/fnoise/elk.fnoise.1.png,4,fnoise,elk,1,0.038,0.046,src_imgs/elk.png
dst_imgs/fnoise/elk.fnoise.2.png,4,fnoise,elk,2,0.14,0.247,src_imgs/elk.png
dst_imgs/fnoise/elk.fnoise.3.png,4,fnoise,elk,3,0.02,0.371,src_imgs/elk.png
dst_imgs/fnoise/elk.fnoise.4.png,4,fnoise,elk,4,0.08800000000000001,0.484,src_imgs/elk.png
dst_imgs/fnoise/elk.fnoise.5.png,4,fnoise,elk,5,0.079,0.645,src_imgs/elk.png
dst_imgs/fnoise/family.fnoise.1.png,4,fnoise,family,1,0.061,0.17,src_imgs/family.png
dst_imgs/fnoise/family.fnoise.2.png,4,fnoise,family,2,0.018000000000000002,0.272,src_imgs/family.png
dst_imgs/fnoise/family.fnoise.3.png,4,fnoise,family,3,0.11199999999999999,0.44799999999999995,src_imgs/family.png
dst_imgs/fnoise/family.fnoise.4.png,4,fnoise,family,4,0.139,0.569,src_imgs/family.png
dst_imgs/fnoise/family.fnoise.5.png,4,fnoise,family,5,0.145,0.6809999999999999,src_imgs/family.png
dst_imgs/fnoise/fisher.fnoise.1.png,4,fnoise,fisher,1,0.024,0.066,src_imgs/fisher.png
dst_imgs/fnoise/fisher.fnoise.2.png,4,fnoise,fisher,2,0.175,0.27,src_imgs/fisher.png
dst_imgs/fnoise/fisher.fnoise.3.png,4,fnoise,fisher,3,0.182,0.40299999999999997,src_imgs/fisher.png
dst_imgs/fnoise/fisher.fnoise.4.png,4,fnoise,fisher,4,0.205,0.48700000000000004,src_imgs/fisher.png
dst_imgs/fnoise/fisher.fnoise.5.png,4,fnoise,fisher,5,0.191,0.607,src_imgs/fisher.png
dst_imgs/fnoise/foxy.fnoise.1.png,4,fnoise,foxy,1,0.033,0.023,src_imgs/foxy.png
dst_imgs/fnoise/foxy.fnoise.2.png,4,fnoise,foxy,2,0.081,0.092,src_imgs/foxy.png
dst_imgs/fnoise/foxy.fnoise.3.png,4,fnoise,foxy,3,0.125,0.33299999999999996,src_imgs/foxy.png
dst_imgs/fnoise/foxy.fnoise.4.png,4,fnoise,foxy,4,0.147,0.401,src_imgs/foxy.png
dst_imgs/fnoise/foxy.fnoise.5.png,4,fnoise,foxy,5,0.008,0.5760000000000001,src_imgs/foxy.png
dst_imgs/fnoise/geckos.fnoise.1.png,4,fnoise,geckos,1,0.006,0.004,src_imgs/geckos.png
dst_imgs/fnoise/geckos.fnoise.2.png,4,fnoise,geckos,2,0.115,0.19,src_imgs/geckos.png
dst_imgs/fnoise/geckos.fnoise.3.png,4,fnoise,geckos,3,0.138,0.33799999999999997,src_imgs/geckos.png
dst_imgs/fnoise/geckos.fnoise.4.png,4,fnoise,geckos,4,0.129,0.451,src_imgs/geckos.png
dst_imgs/fnoise/geckos.fnoise.5.png,4,fnoise,geckos,5,0.095,0.61,src_imgs/geckos.png
dst_imgs/fnoise/lady_liberty.fnoise.1.png,4,fnoise,lady_liberty,1,0.053,0.032,src_imgs/lady_liberty.png
dst_imgs/fnoise/lady_liberty.fnoise.2.png,4,fnoise,lady_liberty,2,0.106,0.193,src_imgs/lady_liberty.png
dst_imgs/fnoise/lady_liberty.fnoise.3.png,4,fnoise,lady_liberty,3,0.14800000000000002,0.35200000000000004,src_imgs/lady_liberty.png
dst_imgs/fnoise/lady_liberty.fnoise.4.png,4,fnoise,lady_liberty,4,0.195,0.505,src_imgs/lady_liberty.png
dst_imgs/fnoise/lady_liberty.fnoise.5.png,4,fnoise,lady_liberty,5,0.21100000000000002,0.642,src_imgs/lady_liberty.png
dst_imgs/fnoise/lake.fnoise.1.png,4,fnoise,lake,1,0.133,0.125,src_imgs/lake.png
dst_imgs/fnoise/lake.fnoise.2.png,4,fnoise,lake,2,0.147,0.29,src_imgs/lake.png
dst_imgs/fnoise/lake.fnoise.3.png,4,fnoise,lake,3,0.179,0.44,src_imgs/lake.png
dst_imgs/fnoise/lake.fnoise.4.png,4,fnoise,lake,4,0.057,0.5710000000000001,src_imgs/lake.png
dst_imgs/fnoise/lake.fnoise.5.png,4,fnoise,lake,5,0.033,0.659,src_imgs/lake.png
dst_imgs/fnoise/log_seaside.fnoise.1.png,4,fnoise,log_seaside,1,0.012,0.018000000000000002,src_imgs/log_seaside.png
dst_imgs/fnoise/log_seaside.fnoise.2.png,4,fnoise,log_seaside,2,0.048,0.14300000000000002,src_imgs/log_seaside.png
dst_imgs/fnoise/log_seaside.fnoise.3.png,4,fnoise,log_seaside,3,0.10300000000000001,0.32299999999999995,src_imgs/log_seaside.png
dst_imgs/fnoise/log_seaside.fnoise.4.png,4,fnoise,log_seaside,4,0.08199999999999999,0.518,src_imgs/log_seaside.png
dst_imgs/fnoise/log_seaside.fnoise.5.png,4,fnoise,log_seaside,5,0.079,0.6729999999999999,src_imgs/log_seaside.png
dst_imgs/fnoise/monument.fnoise.1.png,4,fnoise,monument,1,0.043,0.031,src_imgs/monument.png
dst_imgs/fnoise/monument.fnoise.2.png,4,fnoise,monument,2,0.172,0.20800000000000002,src_imgs/monument.png
dst_imgs/fnoise/monument.fnoise.3.png,4,fnoise,monument,3,0.212,0.32,src_imgs/monument.png
dst_imgs/fnoise/monument.fnoise.4.png,4,fnoise,monument,4,0.215,0.514,src_imgs/monument.png
dst_imgs/fnoise/monument.fnoise.5.png,4,fnoise,monument,5,0.217,0.598,src_imgs/monument.png
dst_imgs/fnoise/native_american.fnoise.1.png,4,fnoise,native_american,1,0.111,0.087,src_imgs/native_american.png
dst_imgs/fnoise/native_american.fnoise.2.png,4,fnoise,native_american,2,0.10800000000000001,0.254,src_imgs/native_american.png
dst_imgs/fnoise/native_american.fnoise.3.png,4,fnoise,native_american,3,0.14400000000000002,0.491,src_imgs/native_american.png
dst_imgs/fnoise/native_american.fnoise.4.png,4,fnoise,native_american,4,0.129,0.618,src_imgs/native_american.png
dst_imgs/fnoise/native_american.fnoise.5.png,4,fnoise,native_american,5,0.11,0.735,src_imgs/native_american.png
dst_imgs/fnoise/redwood.fnoise.1.png,4,fnoise,redwood,1,0.061,0.095,src_imgs/redwood.png
dst_imgs/fnoise/redwood.fnoise.2.png,4,fnoise,redwood,2,0.11199999999999999,0.31,src_imgs/redwood.png
dst_imgs/fnoise/redwood.fnoise.3.png,4,fnoise,redwood,3,0.183,0.524,src_imgs/redwood.png
dst_imgs/fnoise/redwood.fnoise.4.png,4,fnoise,redwood,4,0.168,0.653,src_imgs/redwood.png
dst_imgs/fnoise/redwood.fnoise.5.png,4,fnoise,redwood,5,0.146,0.752,src_imgs/redwood.png
dst_imgs/fnoise/roping.fnoise.1.png,4,fnoise,roping,1,0.017,0.032,src_imgs/roping.png
dst_imgs/fnoise/roping.fnoise.2.png,4,fnoise,roping,2,0.11199999999999999,0.139,src_imgs/roping.png
dst_imgs/fnoise/roping.fnoise.3.png,4,fnoise,roping,3,0.231,0.336,src_imgs/roping.png
dst_imgs/fnoise/roping.fnoise.4.png,4,fnoise,roping,4,0.215,0.513,src_imgs/roping.png
dst_imgs/fnoise/roping.fnoise.5.png,4,fnoise,roping,5,0.035,0.738,src_imgs/roping.png
dst_imgs/fnoise/rushmore.fnoise.1.png,4,fnoise,rushmore,1,0.013999999999999999,0.198,src_imgs/rushmore.png
dst_imgs/fnoise/rushmore.fnoise.2.png,4,fnoise,rushmore,2,0.073,0.297,src_imgs/rushmore.png
dst_imgs/fnoise/rushmore.fnoise.3.png,4,fnoise,rushmore,3,0.07,0.42200000000000004,src_imgs/rushmore.png
dst_imgs/fnoise/rushmore.fnoise.4.png,4,fnoise,rushmore,4,0.131,0.547,src_imgs/rushmore.png
dst_imgs/fnoise/rushmore.fnoise.5.png,4,fnoise,rushmore,5,0.107,0.636,src_imgs/rushmore.png
dst_imgs/fnoise/shroom.fnoise.1.png,4,fnoise,shroom,1,0.005,0.022000000000000002,src_imgs/shroom.png
dst_imgs/fnoise/shroom.fnoise.2.png,4,fnoise,shroom,2,0.11,0.18,src_imgs/shroom.png
dst_imgs/fnoise/shroom.fnoise.3.png,4,fnoise,shroom,3,0.102,0.35600000000000004,src_imgs/shroom.png
dst_imgs/fnoise/shroom.fnoise.4.png,4,fnoise,shroom,4,0.09699999999999999,0.575,src_imgs/shroom.png
dst_imgs/fnoise/shroom.fnoise.5.png,4,fnoise,shroom,5,0.098,0.7020000000000001,src_imgs/shroom.png
dst_imgs/fnoise/snow_leaves.fnoise.1.png,4,fnoise,snow_leaves,1,0.055,0.048,src_imgs/snow_leaves.png
dst_imgs/fnoise/snow_leaves.fnoise.2.png,4,fnoise,snow_leaves,2,0.115,0.225,src_imgs/snow_leaves.png
dst_imgs/fnoise/snow_leaves.fnoise.3.png,4,fnoise,snow_leaves,3,0.19899999999999998,0.41100000000000003,src_imgs/snow_leaves.png
dst_imgs/fnoise/snow_leaves.fnoise.4.png,4,fnoise,snow_leaves,4,0.133,0.536,src_imgs/snow_leaves.png
dst_imgs/fnoise/snow_leaves.fnoise.5.png,4,fnoise,snow_leaves,5,0.157,0.679,src_imgs/snow_leaves.png
dst_imgs/fnoise/sunsetcolor.fnoise.1.png,4,fnoise,sunsetcolor,1,0.067,0.11900000000000001,src_imgs/sunsetcolor.png
dst_imgs/fnoise/sunsetcolor.fnoise.2.png,4,fnoise,sunsetcolor,2,0.10800000000000001,0.33899999999999997,src_imgs/sunsetcolor.png
dst_imgs/fnoise/sunsetcolor.fnoise.3.png,4,fnoise,sunsetcolor,3,0.147,0.531,src_imgs/sunsetcolor.png
dst_imgs/fnoise/sunsetcolor.fnoise.4.png,4,fnoise,sunsetcolor,4,0.14800000000000002,0.617,src_imgs/sunsetcolor.png
dst_imgs/fnoise/sunsetcolor.fnoise.5.png,4,fnoise,sunsetcolor,5,0.152,0.721,src_imgs/sunsetcolor.png
dst_imgs/fnoise/sunset_sparrow.fnoise.1.png,4,fnoise,sunset_sparrow,1,0.156,0.22399999999999998,src_imgs/sunset_sparrow.png
dst_imgs/fnoise/sunset_sparrow.fnoise.2.png,4,fnoise,sunset_sparrow,2,0.126,0.369,src_imgs/sunset_sparrow.png
dst_imgs/fnoise/sunset_sparrow.fnoise.3.png,4,fnoise,sunset_sparrow,3,0.17300000000000001,0.539,src_imgs/sunset_sparrow.png
dst_imgs/fnoise/sunset_sparrow.fnoise.4.png,4,fnoise,sunset_sparrow,4,0.127,0.607,src_imgs/sunset_sparrow.png
dst_imgs/fnoise/sunset_sparrow.fnoise.5.png,4,fnoise,sunset_sparrow,5,0.021,0.7340000000000001,src_imgs/sunset_sparrow.png
dst_imgs/fnoise/swarm.fnoise.1.png,4,fnoise,swarm,1,0.077,0.07200000000000001,src_imgs/swarm.png
dst_imgs/fnoise/swarm.fnoise.2.png,4,fnoise,swarm,2,0.016,0.366,src_imgs/swarm.png
dst_imgs/fnoise/swarm.fnoise.3.png,4,fnoise,swarm,3,0.064,0.586,src_imgs/swarm.png
dst_imgs/fnoise/swarm.fnoise.4.png,4,fnoise,swarm,4,0.21,0.6970000000000001,src_imgs/swarm.png
dst_imgs/fnoise/swarm.fnoise.5.png,4,fnoise,swarm,5,0.153,0.816,src_imgs/swarm.png
dst_imgs/fnoise/trolley.fnoise.1.png,4,fnoise,trolley,1,0.059000000000000004,0.067,src_imgs/trolley.png
dst_imgs/fnoise/trolley.fnoise.2.png,4,fnoise,trolley,2,0.152,0.294,src_imgs/trolley.png
dst_imgs/fnoise/trolley.fnoise.3.png,4,fnoise,trolley,3,0.085,0.43200000000000005,src_imgs/trolley.png
dst_imgs/fnoise/trolley.fnoise.4.png,4,fnoise,trolley,4,0.11900000000000001,0.586,src_imgs/trolley.png
dst_imgs/fnoise/trolley.fnoise.5.png,4,fnoise,trolley,5,0.065,0.701,src_imgs/trolley.png
dst_imgs/fnoise/turtle.fnoise.1.png,4,fnoise,turtle,1,0.057,0.039,src_imgs/turtle.png
dst_imgs/fnoise/turtle.fnoise.2.png,4,fnoise,turtle,2,0.07400000000000001,0.17300000000000001,src_imgs/turtle.png
dst_imgs/fnoise/turtle.fnoise.3.png,4,fnoise,turtle,3,0.095,0.345,src_imgs/turtle.png
dst_imgs/fnoise/turtle.fnoise.4.png,4,fnoise,turtle,4,0.07400000000000001,0.5379999999999999,src_imgs/turtle.png
dst_imgs/fnoise/turtle.fnoise.5.png,4,fnoise,turtle,5,0.05,0.653,src_imgs/turtle.png
dst_imgs/fnoise/veggies.fnoise.1.png,4,fnoise,veggies,1,0.08199999999999999,0.065,src_imgs/veggies.png
dst_imgs/fnoise/veggies.fnoise.2.png,4,fnoise,veggies,2,0.11900000000000001,0.203,src_imgs/veggies.png
dst_imgs/fnoise/veggies.fnoise.3.png,4,fnoise,veggies,3,0.141,0.371,src_imgs/veggies.png
dst_imgs/fnoise/veggies.fnoise.4.png,4,fnoise,veggies,4,0.025,0.6,src_imgs/veggies.png
dst_imgs/fnoise/veggies.fnoise.5.png,4,fnoise,veggies,5,0.009000000000000001,0.6829999999999999,src_imgs/veggies.png
dst_imgs/fnoise/woman.fnoise.1.png,4,fnoise,woman,1,0.14400000000000002,0.099,src_imgs/woman.png
dst_imgs/fnoise/woman.fnoise.2.png,4,fnoise,woman,2,0.12,0.262,src_imgs/woman.png
dst_imgs/fnoise/woman.fnoise.3.png,4,fnoise,woman,3,0.163,0.49,src_imgs/woman.png
dst_imgs/fnoise/woman.fnoise.4.png,4,fnoise,woman,4,0.142,0.638,src_imgs/woman.png
dst_imgs/fnoise/woman.fnoise.5.png,4,fnoise,woman,5,0.11800000000000001,0.742,src_imgs/woman.png
dst_imgs/BLUR/1600.BLUR.1.png,5,blur,1600,1,0.053,0.043,src_imgs/1600.png
dst_imgs/BLUR/1600.BLUR.2.png,5,blur,1600,2,0.08199999999999999,0.142,src_imgs/1600.png
dst_imgs/BLUR/1600.BLUR.3.png,5,blur,1600,3,0.08199999999999999,0.341,src_imgs/1600.png
dst_imgs/BLUR/1600.BLUR.4.png,5,blur,1600,4,0.115,0.47100000000000003,src_imgs/1600.png
dst_imgs/BLUR/1600.BLUR.5.png,5,blur,1600,5,0.054000000000000006,0.75,src_imgs/1600.png
dst_imgs/BLUR/aerial_city.BLUR.1.png,5,blur,aerial_city,1,0.01,0.025,src_imgs/aerial_city.png
dst_imgs/BLUR/aerial_city.BLUR.2.png,5,blur,aerial_city,2,0.08199999999999999,0.114,src_imgs/aerial_city.png
dst_imgs/BLUR/aerial_city.BLUR.3.png,5,blur,aerial_city,3,0.087,0.259,src_imgs/aerial_city.png
dst_imgs/BLUR/aerial_city.BLUR.4.png,5,blur,aerial_city,4,0.08,0.46399999999999997,src_imgs/aerial_city.png
dst_imgs/BLUR/aerial_city.BLUR.5.png,5,blur,aerial_city,5,0.07400000000000001,0.8959999999999999,src_imgs/aerial_city.png
dst_imgs/BLUR/boston.BLUR.1.png,5,blur,boston,1,0.06,0.083,src_imgs/boston.png
dst_imgs/BLUR/boston.BLUR.2.png,5,blur,boston,2,0.10800000000000001,0.21600000000000003,src_imgs/boston.png
dst_imgs/BLUR/boston.BLUR.3.png,5,blur,boston,3,0.156,0.363,src_imgs/boston.png
dst_imgs/BLUR/boston.BLUR.4.png,5,blur,boston,4,0.075,0.5710000000000001,src_imgs/boston.png
dst_imgs/BLUR/boston.BLUR.5.png,5,blur,boston,5,0.023,0.9129999999999999,src_imgs/boston.png
dst_imgs/BLUR/bridge.BLUR.1.png,5,blur,bridge,1,0.06,0.061,src_imgs/bridge.png
dst_imgs/BLUR/bridge.BLUR.2.png,5,blur,bridge,2,0.048,0.182,src_imgs/bridge.png
dst_imgs/BLUR/bridge.BLUR.3.png,5,blur,bridge,3,0.07,0.348,src_imgs/bridge.png
dst_imgs/BLUR/bridge.BLUR.4.png,5,blur,bridge,4,0.071,0.636,src_imgs/bridge.png
dst_imgs/BLUR/bridge.BLUR.5.png,5,blur,bridge,5,0.027000000000000003,0.777,src_imgs/bridge.png
dst_imgs/BLUR/butter_flower.BLUR.1.png,5,blur,butter_flower,1,0.065,0.078,src_imgs/butter_flower.png
dst_imgs/BLUR/butter_flower.BLUR.2.png,5,blur,butter_flower,2,0.11,0.20199999999999999,src_imgs/butter_flower.png
dst_imgs/BLUR/butter_flower.BLUR.3.png,5,blur,butter_flower,3,0.142,0.48200000000000004,src_imgs/butter_flower.png
dst_imgs/BLUR/butter_flower.BLUR.4.png,5,blur,butter_flower,4,0.091,0.779,src_imgs/butter_flower.png
dst_imgs/BLUR/butter_flower.BLUR.5.png,5,blur,butter_flower,5,0.012,0.953,src_imgs/butter_flower.png
dst_imgs/BLUR/cactus.BLUR.1.png,5,blur,cactus,1,0.08,0.067,src_imgs/cactus.png
dst_imgs/BLUR/cactus.BLUR.2.png,5,blur,cactus,2,0.091,0.147,src_imgs/cactus.png
dst_imgs/BLUR/cactus.BLUR.3.png,5,blur,cactus,3,0.21899999999999997,0.39899999999999997,src_imgs/cactus.png
dst_imgs/BLUR/cactus.BLUR.4.png,5,blur,cactus,4,0.147,0.508,src_imgs/cactus.png
dst_imgs/BLUR/cactus.BLUR.5.png,5,blur,cactus,5,0.044000000000000004,0.75,src_imgs/cactus.png
dst_imgs/BLUR/child_swimming.BLUR.1.png,5,blur,child_swimming,1,0.008,0.032,src_imgs/child_swimming.png
dst_imgs/BLUR/child_swimming.BLUR.2.png,5,blur,child_swimming,2,0.114,0.187,src_imgs/child_swimming.png
dst_imgs/BLUR/child_swimming.BLUR.3.png,5,blur,child_swimming,3,0.14300000000000002,0.29,src_imgs/child_swimming.png
dst_imgs/BLUR/child_swimming.BLUR.4.png,5,blur,child_swimming,4,0.128,0.485,src_imgs/child_swimming.png
dst_imgs/BLUR/child_swimming.BLUR.5.png,5,blur,child_swimming,5,0.008,0.758,src_imgs/child_swimming.png
dst_imgs/BLUR/couple.BLUR.1.png,5,blur,couple,1,0.055999999999999994,0.047,src_imgs/couple.png
dst_imgs/BLUR/couple.BLUR.2.png,5,blur,couple,2,0.079,0.249,src_imgs/couple.png
dst_imgs/BLUR/couple.BLUR.3.png,5,blur,couple,3,0.073,0.408,src_imgs/couple.png
dst_imgs/BLUR/couple.BLUR.4.png,5,blur,couple,4,0.011000000000000001,0.589,src_imgs/couple.png
dst_imgs/BLUR/couple.BLUR.5.png,5,blur,couple,5,0.018000000000000002,0.785,src_imgs/couple.png
dst_imgs/BLUR/elk.BLUR.1.png,5,blur,elk,1,0.044000000000000004,0.044000000000000004,src_imgs/elk.png
dst_imgs/BLUR/elk.BLUR.2.png,5,blur,elk,2,0.07200000000000001,0.122,src_imgs/elk.png
dst_imgs/BLUR/elk.BLUR.3.png,5,blur,elk,3,0.078,0.247,src_imgs/elk.png
dst_imgs/BLUR/elk.BLUR.4.png,5,blur,elk,4,0.077,0.405,src_imgs/elk.png
dst_imgs/BLUR/elk.BLUR.5.png,5,blur,elk,5,0.040999999999999995,0.763,src_imgs/elk.png
dst_imgs/BLUR/family.BLUR.1.png,5,blur,family,1,0.017,0.037000000000000005,src_imgs/family.png
dst_imgs/BLUR/family.BLUR.2.png,5,blur,family,2,0.078,0.149,src_imgs/family.png
dst_imgs/BLUR/family.BLUR.3.png,5,blur,family,3,0.063,0.262,src_imgs/family.png
dst_imgs/BLUR/family.BLUR.4.png,5,blur,family,4,0.158,0.5379999999999999,src_imgs/family.png
dst_imgs/BLUR/family.BLUR.5.png,5,blur,family,5,0.10300000000000001,0.856,src_imgs/family.png
dst_imgs/BLUR/fisher.BLUR.1.png,5,blur,fisher,1,0.051,0.055999999999999994,src_imgs/fisher.png
dst_imgs/BLUR/fisher.BLUR.2.png,5,blur,fisher,2,0.163,0.361,src_imgs/fisher.png
dst_imgs/BLUR/fisher.BLUR.3.png,5,blur,fisher,3,0.172,0.583,src_imgs/fisher.png
dst_imgs/BLUR/fisher.BLUR.4.png,5,blur,fisher,4,0.087,0.8,src_imgs/fisher.png
dst_imgs/BLUR/fisher.BLUR.5.png,5,blur,fisher,5,0.06,0.9129999999999999,src_imgs/fisher.png
dst_imgs/BLUR/foxy.BLUR.1.png,5,blur,foxy,1,0.001,0.016,src_imgs/foxy.png
dst_imgs/BLUR/foxy.BLUR.2.png,5,blur,foxy,2,0.10400000000000001,0.11,src_imgs/foxy.png
dst_imgs/BLUR/foxy.BLUR.3.png,5,blur,foxy,3,0.124,0.18,src_imgs/foxy.png
dst_imgs/BLUR/foxy.BLUR.4.png,5,blur,foxy,4,0.147,0.29,src_imgs/foxy.png
dst_imgs/BLUR/foxy.BLUR.5.png,5,blur,foxy,5,0.113,0.442,src_imgs/foxy.png
dst_imgs/BLUR/geckos.BLUR.1.png,5,blur,geckos,1,0.022000000000000002,0.013000000000000001,src_imgs/geckos.png
dst_imgs/BLUR/geckos.BLUR.2.png,5,blur,geckos,2,0.036000000000000004,0.068,src_imgs/geckos.png
dst_imgs/BLUR/geckos.BLUR.3.png,5,blur,geckos,3,0.1,0.231,src_imgs/geckos.png
dst_imgs/BLUR/geckos.BLUR.4.png,5,blur,geckos,4,0.13699999999999998,0.341,src_imgs/geckos.png
dst_imgs/BLUR/geckos.BLUR.5.png,5,blur,geckos,5,0.127,0.57,src_imgs/geckos.png
dst_imgs/BLUR/lady_liberty.BLUR.1.png,5,blur,lady_liberty,1,0.039,0.059000000000000004,src_imgs/lady_liberty.png
dst_imgs/BLUR/lady_liberty.BLUR.2.png,5,blur,lady_liberty,2,0.092,0.22699999999999998,src_imgs/lady_liberty.png
dst_imgs/BLUR/lady_liberty.BLUR.3.png,5,blur,lady_liberty,3,0.091,0.462,src_imgs/lady_liberty.png
dst_imgs/BLUR/lady_liberty.BLUR.4.png,5,blur,lady_liberty,4,0.08,0.6729999999999999,src_imgs/lady_liberty.png
dst_imgs/BLUR/lady_liberty.BLUR.5.png,5,blur,lady_liberty,5,0.0,0.966,src_imgs/lady_liberty.png
dst_imgs/BLUR/lake.BLUR.1.png,5,blur,lake,1,0.07400000000000001,0.07400000000000001,src_imgs/lake.png
dst_imgs/BLUR/lake.BLUR.2.png,5,blur,lake,2,0.105,0.163,src_imgs/lake.png
dst_imgs/BLUR/lake.BLUR.3.png,5,blur,lake,3,0.077,0.29600000000000004,src_imgs/lake.png
dst_imgs/BLUR/lake.BLUR.4.png,5,blur,lake,4,0.107,0.47,src_imgs/lake.png
dst_imgs/BLUR/lake.BLUR.5.png,5,blur,lake,5,0.045,0.655,src_imgs/lake.png
dst_imgs/BLUR/log_seaside.BLUR.1.png,5,blur,log_seaside,1,0.011000000000000001,0.013000000000000001,src_imgs/log_seaside.png
dst_imgs/BLUR/log_seaside.BLUR.2.png,5,blur,log_seaside,2,0.053,0.078,src_imgs/log_seaside.png
dst_imgs/BLUR/log_seaside.BLUR.3.png,5,blur,log_seaside,3,0.078,0.207,src_imgs/log_seaside.png
dst_imgs/BLUR/log_seaside.BLUR.4.png,5,blur,log_seaside,4,0.073,0.35100000000000003,src_imgs/log_seaside.png
dst_imgs/BLUR/log_seaside.BLUR.5.png,5,blur,log_seaside,5,0.09699999999999999,0.59,src_imgs/log_seaside.png
dst_imgs/BLUR/monument.BLUR.1.png,5,blur,monument,1,0.038,0.048,src_imgs/monument.png
dst_imgs/BLUR/monument.BLUR.2.png,5,blur,monument,2,0.076,0.177,src_imgs/monument.png
dst_imgs/BLUR/monument.BLUR.3.png,5,blur,monument,3,0.127,0.359,src_imgs/monument.png
dst_imgs/BLUR/monument.BLUR.4.png,5,blur,monument,4,0.052000000000000005,0.588,src_imgs/monument.png
dst_imgs/BLUR/monument.BLUR.5.png,5,blur,monument,5,0.013000000000000001,0.79,src_imgs/monument.png
dst_imgs/BLUR/native_american.BLUR.1.png,5,blur,native_american,1,0.016,0.035,src_imgs/native_american.png
dst_imgs/BLUR/native_american.BLUR.2.png,5,blur,native_american,2,0.13699999999999998,0.172,src_imgs/native_american.png
dst_imgs/BLUR/native_american.BLUR.3.png,5,blur,native_american,3,0.10099999999999999,0.365,src_imgs/native_american.png
dst_imgs/BLUR/native_american.BLUR.4.png,5,blur,native_american,4,0.075,0.607,src_imgs/native_american.png
dst_imgs/BLUR/native_american.BLUR.5.png,5,blur,native_american,5,0.027999999999999997,0.868,src_imgs/native_american.png
dst_imgs/BLUR/redwood.BLUR.1.png,5,blur,redwood,1,0.073,0.08800000000000001,src_imgs/redwood.png
dst_imgs/BLUR/redwood.BLUR.2.png,5,blur,redwood,2,0.08900000000000001,0.23,src_imgs/redwood.png
dst_imgs/BLUR/redwood.BLUR.3.png,5,blur,redwood,3,0.14300000000000002,0.381,src_imgs/redwood.png
dst_imgs/BLUR/redwood.BLUR.4.png,5,blur,redwood,4,0.158,0.569,src_imgs/redwood.png
dst_imgs/BLUR/redwood.BLUR.5.png,5,blur,redwood,5,0.059000000000000004,0.846,src_imgs/redwood.png
dst_imgs/BLUR/roping.BLUR.1.png,5,blur,roping,1,0.04,0.034,src_imgs/roping.png
dst_imgs/BLUR/roping.BLUR.2.png,5,blur,roping,2,0.17800000000000002,0.188,src_imgs/roping.png
dst_imgs/BLUR/roping.BLUR.3.png,5,blur,roping,3,0.16899999999999998,0.47100000000000003,src_imgs/roping.png
dst_imgs/BLUR/roping.BLUR.4.png,5,blur,roping,4,0.133,0.67,src_imgs/roping.png
dst_imgs/BLUR/roping.BLUR.5.png,5,blur,roping,5,0.032,0.88,src_imgs/roping.png
dst_imgs/BLUR/rushmore.BLUR.1.png,5,blur,rushmore,1,0.021,0.011000000000000001,src_imgs/rushmore.png
dst_imgs/BLUR/rushmore.BLUR.2.png,5,blur,rushmore,2,0.13,0.083,src_imgs/rushmore.png
dst_imgs/BLUR/rushmore.BLUR.3.png,5,blur,rushmore,3,0.11900000000000001,0.242,src_imgs/rushmore.png
dst_imgs/BLUR/rushmore.BLUR.4.png,5,blur,rushmore,4,0.115,0.41600000000000004,src_imgs/rushmore.png
dst_imgs/BLUR/rushmore.BLUR.5.png,5,blur,rushmore,5,0.096,0.6579999999999999,src_imgs/rushmore.png
dst_imgs/BLUR/shroom.BLUR.1.png,5,blur,shroom,1,0.068,0.046,src_imgs/shroom.png
dst_imgs/BLUR/shroom.BLUR.2.png,5,blur,shroom,2,0.10400000000000001,0.161,src_imgs/shroom.png
dst_imgs/BLUR/shroom.BLUR.3.png,5,blur,shroom,3,0.05,0.395,src_imgs/shroom.png
dst_imgs/BLUR/shroom.BLUR.4.png,5,blur,shroom,4,0.071,0.5489999999999999,src_imgs/shroom.png
dst_imgs/BLUR/shroom.BLUR.5.png,5,blur,shroom,5,0.079,0.769,src_imgs/shroom.png
dst_imgs/BLUR/snow_leaves.BLUR.1.png,5,blur,snow_leaves,1,0.03,0.02,src_imgs/snow_leaves.png
dst_imgs/BLUR/snow_leaves.BLUR.2.png,5,blur,snow_leaves,2,0.067,0.14,src_imgs/snow_leaves.png
dst_imgs/BLUR/snow_leaves.BLUR.3.png,5,blur,snow_leaves,3,0.149,0.3,src_imgs/snow_leaves.png
dst_imgs/BLUR/snow_leaves.BLUR.4.png,5,blur,snow_leaves,4,0.21600000000000003,0.46,src_imgs/snow_leaves.png
dst_imgs/BLUR/snow_leaves.BLUR.5.png,5,blur,snow_leaves,5,0.079,0.696,src_imgs/snow_leaves.png
dst_imgs/BLUR/sunsetcolor.BLUR.1.png,5,blur,sunsetcolor,1,0.048,0.073,src_imgs/sunsetcolor.png
dst_imgs/BLUR/sunsetcolor.BLUR.2.png,5,blur,sunsetcolor,2,0.16,0.309,src_imgs/sunsetcolor.png
dst_imgs/BLUR/sunsetcolor.BLUR.3.png,5,blur,sunsetcolor,3,0.14400000000000002,0.726,src_imgs/sunsetcolor.png
dst_imgs/BLUR/sunsetcolor.BLUR.4.png,5,blur,sunsetcolor,4,0.023,0.963,src_imgs/sunsetcolor.png
dst_imgs/BLUR/sunsetcolor.BLUR.5.png,5,blur,sunsetcolor,5,0.012,0.9990000000000001,src_imgs/sunsetcolor.png
dst_imgs/BLUR/sunset_sparrow.BLUR.1.png,5,blur,sunset_sparrow,1,0.087,0.087,src_imgs/sunset_sparrow.png
dst_imgs/BLUR/sunset_sparrow.BLUR.2.png,5,blur,sunset_sparrow,2,0.11,0.191,src_imgs/sunset_sparrow.png
dst_imgs/BLUR/sunset_sparrow.BLUR.3.png,5,blur,sunset_sparrow,3,0.11800000000000001,0.307,src_imgs/sunset_sparrow.png
dst_imgs/BLUR/sunset_sparrow.BLUR.4.png,5,blur,sunset_sparrow,4,0.076,0.5479999999999999,src_imgs/sunset_sparrow.png
dst_imgs/BLUR/sunset_sparrow.BLUR.5.png,5,blur,sunset_sparrow,5,0.03,0.846,src_imgs/sunset_sparrow.png
dst_imgs/BLUR/swarm.BLUR.1.png,5,blur,swarm,1,0.1,0.075,src_imgs/swarm.png
dst_imgs/BLUR/swarm.BLUR.2.png,5,blur,swarm,2,0.109,0.293,src_imgs/swarm.png
dst_imgs/BLUR/swarm.BLUR.3.png,5,blur,swarm,3,0.127,0.5589999999999999,src_imgs/swarm.png
dst_imgs/BLUR/swarm.BLUR.4.png,5,blur,swarm,4,0.131,0.818,src_imgs/swarm.png
dst_imgs/BLUR/swarm.BLUR.5.png,5,blur,swarm,5,0.031,0.963,src_imgs/swarm.png
dst_imgs/BLUR/trolley.BLUR.1.png,5,blur,trolley,1,0.01,0.036000000000000004,src_imgs/trolley.png
dst_imgs/BLUR/trolley.BLUR.2.png,5,blur,trolley,2,0.1,0.115,src_imgs/trolley.png
dst_imgs/BLUR/trolley.BLUR.3.png,5,blur,trolley,3,0.1,0.23,src_imgs/trolley.png
dst_imgs/BLUR/trolley.BLUR.4.png,5,blur,trolley,4,0.077,0.40700000000000003,src_imgs/trolley.png
dst_imgs/BLUR/trolley.BLUR.5.png,5,blur,trolley,5,0.079,0.606,src_imgs/trolley.png
dst_imgs/BLUR/turtle.BLUR.1.png,5,blur,turtle,1,0.067,0.06,src_imgs/turtle.png
dst_imgs/BLUR/turtle.BLUR.2.png,5,blur,turtle,2,0.079,0.235,src_imgs/turtle.png
dst_imgs/BLUR/turtle.BLUR.3.png,5,blur,turtle,3,0.073,0.518,src_imgs/turtle.png
dst_imgs/BLUR/turtle.BLUR.4.png,5,blur,turtle,4,0.040999999999999995,0.747,src_imgs/turtle.png
dst_imgs/BLUR/turtle.BLUR.5.png,5,blur,turtle,5,0.037000000000000005,0.9329999999999999,src_imgs/turtle.png
dst_imgs/BLUR/veggies.BLUR.1.png,5,blur,veggies,1,0.027000000000000003,0.055999999999999994,src_imgs/veggies.png
dst_imgs/BLUR/veggies.BLUR.2.png,5,blur,veggies,2,0.11900000000000001,0.20600000000000002,src_imgs/veggies.png
dst_imgs/BLUR/veggies.BLUR.3.png,5,blur,veggies,3,0.107,0.349,src_imgs/veggies.png
dst_imgs/BLUR/veggies.BLUR.4.png,5,blur,veggies,4,0.081,0.521,src_imgs/veggies.png
dst_imgs/BLUR/veggies.BLUR.5.png,5,blur,veggies,5,0.03,0.7190000000000001,src_imgs/veggies.png
dst_imgs/BLUR/woman.BLUR.1.png,5,blur,woman,1,0.075,0.086,src_imgs/woman.png
dst_imgs/BLUR/woman.BLUR.2.png,5,blur,woman,2,0.064,0.198,src_imgs/woman.png
dst_imgs/BLUR/woman.BLUR.3.png,5,blur,woman,3,0.154,0.42,src_imgs/woman.png
dst_imgs/BLUR/woman.BLUR.4.png,5,blur,woman,4,0.098,0.616,src_imgs/woman.png
dst_imgs/BLUR/woman.BLUR.5.png,5,blur,woman,5,0.023,0.8340000000000001,src_imgs/woman.png
dst_imgs/contrast/1600.contrast.1.png,6,contrast,1600,1,0.046,0.055999999999999994,src_imgs/1600.png
dst_imgs/contrast/1600.contrast.2.png,6,contrast,1600,2,0.081,0.201,src_imgs/1600.png
dst_imgs/contrast/1600.contrast.3.png,6,contrast,1600,3,0.096,0.31,src_imgs/1600.png
dst_imgs/contrast/1600.contrast.4.png,6,contrast,1600,4,0.115,0.371,src_imgs/1600.png
dst_imgs/contrast/aerial_city.contrast.1.png,6,contrast,aerial_city,1,0.04,0.038,src_imgs/aerial_city.png
dst_imgs/contrast/aerial_city.contrast.2.png,6,contrast,aerial_city,2,0.057999999999999996,0.163,src_imgs/aerial_city.png
dst_imgs/contrast/aerial_city.contrast.3.png,6,contrast,aerial_city,3,0.049,0.36700000000000005,src_imgs/aerial_city.png
dst_imgs/contrast/aerial_city.contrast.4.png,6,contrast,aerial_city,4,0.057,0.45299999999999996,src_imgs/aerial_city.png
dst_imgs/contrast/boston.contrast.1.png,6,contrast,boston,1,0.044000000000000004,0.11699999999999999,src_imgs/boston.png
dst_imgs/contrast/boston.contrast.2.png,6,contrast,boston,2,0.096,0.33899999999999997,src_imgs/boston.png
dst_imgs/contrast/boston.contrast.3.png,6,contrast,boston,3,0.031,0.605,src_imgs/boston.png
dst_imgs/contrast/boston.contrast.4.png,6,contrast,boston,4,0.131,0.69,src_imgs/boston.png
dst_imgs/contrast/bridge.contrast.1.png,6,contrast,bridge,1,0.011000000000000001,0.036000000000000004,src_imgs/bridge.png
dst_imgs/contrast/bridge.contrast.2.png,6,contrast,bridge,2,0.047,0.139,src_imgs/bridge.png
dst_imgs/contrast/bridge.contrast.3.png,6,contrast,bridge,3,0.065,0.345,src_imgs/bridge.png
dst_imgs/contrast/bridge.contrast.4.png,6,contrast,bridge,4,0.037000000000000005,0.45799999999999996,src_imgs/bridge.png
dst_imgs/contrast/butter_flower.contrast.1.png,6,contrast,butter_flower,1,0.073,0.07,src_imgs/butter_flower.png
dst_imgs/contrast/butter_flower.contrast.2.png,6,contrast,butter_flower,2,0.043,0.256,src_imgs/butter_flower.png
dst_imgs/contrast/butter_flower.contrast.3.png,6,contrast,butter_flower,3,0.11800000000000001,0.515,src_imgs/butter_flower.png
dst_imgs/contrast/butter_flower.contrast.4.png,6,contrast,butter_flower,4,0.157,0.615,src_imgs/butter_flower.png
dst_imgs/contrast/cactus.contrast.1.png,6,contrast,cactus,1,0.11900000000000001,0.111,src_imgs/cactus.png
dst_imgs/contrast/cactus.contrast.2.png,6,contrast,cactus,2,0.239,0.285,src_imgs/cactus.png
dst_imgs/contrast/cactus.contrast.3.png,6,contrast,cactus,3,0.198,0.408,src_imgs/cactus.png
dst_imgs/contrast/cactus.contrast.4.png,6,contrast,cactus,4,0.19899999999999998,0.517,src_imgs/cactus.png
dst_imgs/contrast/child_swimming.contrast.1.png,6,contrast,child_swimming,1,0.114,0.14300000000000002,src_imgs/child_swimming.png
dst_imgs/contrast/child_swimming.contrast.2.png,6,contrast,child_swimming,2,0.09,0.289,src_imgs/child_swimming.png
dst_imgs/contrast/child_swimming.contrast.3.png,6,contrast,child_swimming,3,0.05,0.5539999999999999,src_imgs/child_swimming.png
dst_imgs/contrast/child_swimming.contrast.4.png,6,contrast,child_swimming,4,0.15,0.565,src_imgs/child_swimming.png
dst_imgs/contrast/couple.contrast.1.png,6,contrast,couple,1,0.045,0.09699999999999999,src_imgs/couple.png
dst_imgs/contrast/couple.contrast.2.png,6,contrast,couple,2,0.026000000000000002,0.21,src_imgs/couple.png
dst_imgs/contrast/couple.contrast.3.png,6,contrast,couple,3,0.08,0.35200000000000004,src_imgs/couple.png
dst_imgs/contrast/couple.contrast.4.png,6,contrast,couple,4,0.10800000000000001,0.41700000000000004,src_imgs/couple.png
dst_imgs/contrast/elk.contrast.1.png,6,contrast,elk,1,0.04,0.076,src_imgs/elk.png
dst_imgs/contrast/elk.contrast.2.png,6,contrast,elk,2,0.073,0.2,src_imgs/elk.png
dst_imgs/contrast/elk.contrast.3.png,6,contrast,elk,3,0.127,0.39899999999999997,src_imgs/elk.png
dst_imgs/contrast/family.contrast.1.png,6,contrast,family,1,0.015,0.027000000000000003,src_imgs/family.png
dst_imgs/contrast/family.contrast.2.png,6,contrast,family,2,0.068,0.145,src_imgs/family.png
dst_imgs/contrast/family.contrast.3.png,6,contrast,family,3,0.051,0.28,src_imgs/family.png
dst_imgs/contrast/family.contrast.4.png,6,contrast,family,4,0.10400000000000001,0.379,src_imgs/family.png
dst_imgs/contrast/fisher.contrast.1.png,6,contrast,fisher,1,0.053,0.09,src_imgs/fisher.png
dst_imgs/contrast/fisher.contrast.2.png,6,contrast,fisher,2,0.13,0.212,src_imgs/fisher.png
dst_imgs/contrast/fisher.contrast.3.png,6,contrast,fisher,3,0.182,0.342,src_imgs/fisher.png
dst_imgs/contrast/fisher.contrast.4.png,6,contrast,fisher,4,0.21,0.389,src_imgs/fisher.png
dst_imgs/contrast/foxy.contrast.1.png,6,contrast,foxy,1,0.034,0.047,src_imgs/foxy.png
dst_imgs/contrast/foxy.contrast.2.png,6,contrast,foxy,2,0.052000000000000005,0.183,src_imgs/foxy.png
dst_imgs/contrast/foxy.contrast.3.png,6,contrast,foxy,3,0.115,0.35600000000000004,src_imgs/foxy.png
dst_imgs/contrast/foxy.contrast.4.png,6,contrast,foxy,4,0.156,0.47,src_imgs/foxy.png
dst_imgs/contrast/geckos.contrast.1.png,6,contrast,geckos,1,0.077,0.105,src_imgs/geckos.png
dst_imgs/contrast/geckos.contrast.2.png,6,contrast,geckos,2,0.12300000000000001,0.239,src_imgs/geckos.png
dst_imgs/contrast/geckos.contrast.3.png,6,contrast,geckos,3,0.10400000000000001,0.452,src_imgs/geckos.png
dst_imgs/contrast/lady_liberty.contrast.1.png,6,contrast,lady_liberty,1,0.07,0.092,src_imgs/lady_liberty.png
dst_imgs/contrast/lady_liberty.contrast.2.png,6,contrast,lady_liberty,2,0.121,0.305,src_imgs/lady_liberty.png
dst_imgs/contrast/lady_liberty.contrast.3.png,6,contrast,lady_liberty,3,0.073,0.6409999999999999,src_imgs/lady_liberty.png
dst_imgs/contrast/lake.contrast.1.png,6,contrast,lake,1,0.065,0.094,src_imgs/lake.png
dst_imgs/contrast/lake.contrast.2.png,6,contrast,lake,2,0.09300000000000001,0.265,src_imgs/lake.png
dst_imgs/contrast/lake.contrast.3.png,6,contrast,lake,3,0.138,0.41,src_imgs/lake.png
dst_imgs/contrast/lake.contrast.4.png,6,contrast,lake,4,0.018000000000000002,0.506,src_imgs/lake.png
dst_imgs/contrast/log_seaside.contrast.1.png,6,contrast,log_seaside,1,0.021,0.023,src_imgs/log_seaside.png
dst_imgs/contrast/log_seaside.contrast.2.png,6,contrast,log_seaside,2,0.063,0.157,src_imgs/log_seaside.png
dst_imgs/contrast/log_seaside.contrast.3.png,6,contrast,log_seaside,3,0.172,0.369,src_imgs/log_seaside.png
dst_imgs/contrast/log_seaside.contrast.4.png,6,contrast,log_seaside,4,0.191,0.45799999999999996,src_imgs/log_seaside.png
dst_imgs/contrast/monument.contrast.1.png,6,contrast,monument,1,0.015,0.013000000000000001,src_imgs/monument.png
dst_imgs/contrast/monument.contrast.2.png,6,contrast,monument,2,0.083,0.142,src_imgs/monument.png
dst_imgs/contrast/monument.contrast.3.png,6,contrast,monument,3,0.16699999999999998,0.258,src_imgs/monument.png
dst_imgs/contrast/monument.contrast.4.png,6,contrast,monument,4,0.212,0.32299999999999995,src_imgs/monument.png
dst_imgs/contrast/native_american.contrast.1.png,6,contrast,native_american,1,0.061,0.062,src_imgs/native_american.png
dst_imgs/contrast/native_american.contrast.2.png,6,contrast,native_american,2,0.14400000000000002,0.22399999999999998,src_imgs/native_american.png
dst_imgs/contrast/native_american.contrast.3.png,6,contrast,native_american,3,0.162,0.37,src_imgs/native_american.png
dst_imgs/contrast/native_american.contrast.4.png,6,contrast,native_american,4,0.218,0.45899999999999996,src_imgs/native_american.png
dst_imgs/contrast/redwood.contrast.1.png,6,contrast,redwood,1,0.099,0.07400000000000001,src_imgs/redwood.png
dst_imgs/contrast/redwood.contrast.2.png,6,contrast,redwood,2,0.14,0.198,src_imgs/redwood.png
dst_imgs/contrast/redwood.contrast.3.png,6,contrast,redwood,3,0.061,0.39,src_imgs/redwood.png
dst_imgs/contrast/redwood.contrast.4.png,6,contrast,redwood,4,0.243,0.47100000000000003,src_imgs/redwood.png
dst_imgs/contrast/roping.contrast.1.png,6,contrast,roping,1,0.054000000000000006,0.055999999999999994,src_imgs/roping.png
dst_imgs/contrast/roping.contrast.2.png,6,contrast,roping,2,0.139,0.192,src_imgs/roping.png
dst_imgs/contrast/roping.contrast.3.png,6,contrast,roping,3,0.22,0.371,src_imgs/roping.png
dst_imgs/contrast/roping.contrast.4.png,6,contrast,roping,4,0.267,0.45,src_imgs/roping.png
dst_imgs/contrast/rushmore.contrast.1.png,6,contrast,rushmore,1,0.163,0.125,src_imgs/rushmore.png
dst_imgs/contrast/rushmore.contrast.2.png,6,contrast,rushmore,2,0.166,0.29,src_imgs/rushmore.png
dst_imgs/contrast/rushmore.contrast.3.png,6,contrast,rushmore,3,0.147,0.39299999999999996,src_imgs/rushmore.png
dst_imgs/contrast/rushmore.contrast.4.png,6,contrast,rushmore,4,0.142,0.506,src_imgs/rushmore.png
dst_imgs/contrast/shroom.contrast.1.png,6,contrast,shroom,1,0.096,0.081,src_imgs/shroom.png
dst_imgs/contrast/shroom.contrast.2.png,6,contrast,shroom,2,0.092,0.184,src_imgs/shroom.png
dst_imgs/contrast/shroom.contrast.3.png,6,contrast,shroom,3,0.11,0.33299999999999996,src_imgs/shroom.png
dst_imgs/contrast/shroom.contrast.4.png,6,contrast,shroom,4,0.133,0.41,src_imgs/shroom.png
dst_imgs/contrast/snow_leaves.contrast.1.png,6,contrast,snow_leaves,1,0.027999999999999997,0.040999999999999995,src_imgs/snow_leaves.png
dst_imgs/contrast/snow_leaves.contrast.2.png,6,contrast,snow_leaves,2,0.115,0.221,src_imgs/snow_leaves.png
dst_imgs/contrast/snow_leaves.contrast.3.png,6,contrast,snow_leaves,3,0.145,0.32,src_imgs/snow_leaves.png
dst_imgs/contrast/snow_leaves.contrast.4.png,6,contrast,snow_leaves,4,0.14800000000000002,0.379,src_imgs/snow_leaves.png
dst_imgs/contrast/sunsetcolor.contrast.1.png,6,contrast,sunsetcolor,1,0.035,0.052000000000000005,src_imgs/sunsetcolor.png
dst_imgs/contrast/sunsetcolor.contrast.2.png,6,contrast,sunsetcolor,2,0.078,0.131,src_imgs/sunsetcolor.png
dst_imgs/contrast/sunsetcolor.contrast.3.png,6,contrast,sunsetcolor,3,0.043,0.273,src_imgs/sunsetcolor.png
dst_imgs/contrast/sunsetcolor.contrast.4.png,6,contrast,sunsetcolor,4,0.133,0.413,src_imgs/sunsetcolor.png
dst_imgs/contrast/sunset_sparrow.contrast.1.png,6,contrast,sunset_sparrow,1,0.08800000000000001,0.094,src_imgs/sunset_sparrow.png
dst_imgs/contrast/sunset_sparrow.contrast.2.png,6,contrast,sunset_sparrow,2,0.162,0.26,src_imgs/sunset_sparrow.png
dst_imgs/contrast/sunset_sparrow.contrast.3.png,6,contrast,sunset_sparrow,3,0.2,0.402,src_imgs/sunset_sparrow.png
dst_imgs/contrast/sunset_sparrow.contrast.4.png,6,contrast,sunset_sparrow,4,0.228,0.465,src_imgs/sunset_sparrow.png
dst_imgs/contrast/swarm.contrast.1.png,6,contrast,swarm,1,0.12300000000000001,0.091,src_imgs/swarm.png
dst_imgs/contrast/swarm.contrast.2.png,6,contrast,swarm,2,0.16399999999999998,0.315,src_imgs/swarm.png
dst_imgs/contrast/swarm.contrast.3.png,6,contrast,swarm,3,0.10800000000000001,0.625,src_imgs/swarm.png
dst_imgs/contrast/trolley.contrast.1.png,6,contrast,trolley,1,0.075,0.055999999999999994,src_imgs/trolley.png
dst_imgs/contrast/trolley.contrast.2.png,6,contrast,trolley,2,0.083,0.215,src_imgs/trolley.png
dst_imgs/contrast/trolley.contrast.3.png,6,contrast,trolley,3,0.109,0.433,src_imgs/trolley.png
dst_imgs/contrast/trolley.contrast.4.png,6,contrast,trolley,4,0.10300000000000001,0.49700000000000005,src_imgs/trolley.png
dst_imgs/contrast/turtle.contrast.1.png,6,contrast,turtle,1,0.061,0.079,src_imgs/turtle.png
dst_imgs/contrast/turtle.contrast.2.png,6,contrast,turtle,2,0.113,0.19899999999999998,src_imgs/turtle.png
dst_imgs/contrast/turtle.contrast.3.png,6,contrast,turtle,3,0.127,0.40700000000000003,src_imgs/turtle.png
dst_imgs/contrast/turtle.contrast.4.png,6,contrast,turtle,4,0.11199999999999999,0.5539999999999999,src_imgs/turtle.png
dst_imgs/contrast/veggies.contrast.1.png,6,contrast,veggies,1,0.021,0.055999999999999994,src_imgs/veggies.png
dst_imgs/contrast/veggies.contrast.2.png,6,contrast,veggies,2,0.11900000000000001,0.203,src_imgs/veggies.png
dst_imgs/contrast/veggies.contrast.3.png,6,contrast,veggies,3,0.171,0.332,src_imgs/veggies.png
dst_imgs/contrast/veggies.contrast.4.png,6,contrast,veggies,4,0.17800000000000002,0.385,src_imgs/veggies.png
dst_imgs/contrast/woman.contrast.1.png,6,contrast,woman,1,0.099,0.068,src_imgs/woman.png
dst_imgs/contrast/woman.contrast.2.png,6,contrast,woman,2,0.091,0.17300000000000001,src_imgs/woman.png
dst_imgs/contrast/woman.contrast.3.png,6,contrast,woman,3,0.188,0.409,src_imgs/woman.png
dst_imgs/contrast/woman.contrast.4.png,6,contrast,woman,4,0.226,0.469,src_imgs/woman.png
