fpath,img,mos,ref_img
0/deblurred/1.png,1,-1.916736,0/deblurred/0.png
0/deblurred/2.png,2,-4.369695,0/deblurred/0.png
0/deblurred/3.png,3,-6.368084,0/deblurred/0.png
0/deblurred/4.png,4,-0.71578,0/deblurred/0.png
0/deblurred/5.png,5,-3.423227,0/deblurred/0.png
0/deblurred/6.png,6,-5.419282,0/deblurred/0.png
0/deblurred/7.png,7,-3.6497029999999997,0/deblurred/0.png
0/deblurred/8.png,8,-4.198258999999999,0/deblurred/0.png
0/deblurred/9.png,9,-7.188186,0/deblurred/0.png
0/deblurred/10.png,10,-2.698668,0/deblurred/0.png
0/deblurred/11.png,11,-2.802036,0/deblurred/0.png
0/deblurred/12.png,12,-6.3171800000000005,0/deblurred/0.png
0/deblurred/13.png,13,-1.374568,0/deblurred/0.png
0/deblurred/14.png,14,-4.211821,0/deblurred/0.png
0/deblurred/15.png,15,-7.499509,0/deblurred/0.png
0/deblurred/16.png,16,-1.4193129999999998,0/deblurred/0.png
0/deblurred/17.png,17,-3.348244,0/deblurred/0.png
0/deblurred/18.png,18,-6.4800510000000004,0/deblurred/0.png
0/deblurred/19.png,19,-8.172894,0/deblurred/0.png
0/deblurred/20.png,20,-10.803128,0/deblurred/0.png
0/deblurred/21.png,21,-10.485323,0/deblurred/0.png
0/deblurred/22.png,22,-8.444938,0/deblurred/0.png
0/deblurred/23.png,23,-9.140229,0/deblurred/0.png
0/deblurred/24.png,24,-10.095203,0/deblurred/0.png
0/deblurred/25.png,25,-3.1229150000000003,0/deblurred/0.png
0/deblurred/26.png,26,-4.803921,0/deblurred/0.png
0/deblurred/27.png,27,-6.538498000000001,0/deblurred/0.png
0/deblurred/28.png,28,-1.755593,0/deblurred/0.png
0/deblurred/29.png,29,-2.884782,0/deblurred/0.png
0/deblurred/30.png,30,-5.063543,0/deblurred/0.png
1/deblurred/1.png,1,-3.4494290000000003,1/deblurred/0.png
1/deblurred/2.png,2,-4.889771,1/deblurred/0.png
1/deblurred/3.png,3,-6.4632830000000006,1/deblurred/0.png
1/deblurred/4.png,4,-1.411298,1/deblurred/0.png
1/deblurred/5.png,5,-3.644903,1/deblurred/0.png
1/deblurred/6.png,6,-5.209611,1/deblurred/0.png
1/deblurred/7.png,7,-4.111067,1/deblurred/0.png
1/deblurred/8.png,8,-4.572056,1/deblurred/0.png
1/deblurred/9.png,9,-6.605291,1/deblurred/0.png
1/deblurred/10.png,10,-2.865975,1/deblurred/0.png
1/deblurred/11.png,11,-2.973689,1/deblurred/0.png
1/deblurred/12.png,12,-5.160635,1/deblurred/0.png
1/deblurred/13.png,13,-2.642286,1/deblurred/0.png
1/deblurred/14.png,14,-5.258245,1/deblurred/0.png
1/deblurred/15.png,15,-7.492101,1/deblurred/0.png
1/deblurred/16.png,16,-1.667499,1/deblurred/0.png
1/deblurred/17.png,17,-4.090394,1/deblurred/0.png
1/deblurred/18.png,18,-6.486203,1/deblurred/0.png
1/deblurred/19.png,19,-11.062998,1/deblurred/0.png
1/deblurred/20.png,20,-10.774186,1/deblurred/0.png
1/deblurred/21.png,21,-10.532582000000001,1/deblurred/0.png
1/deblurred/22.png,22,-10.804936999999999,1/deblurred/0.png
1/deblurred/23.png,23,-11.080985,1/deblurred/0.png
1/deblurred/24.png,24,-10.879201,1/deblurred/0.png
1/deblurred/25.png,25,-7.0841009999999995,1/deblurred/0.png
1/deblurred/26.png,26,-7.772512,1/deblurred/0.png
1/deblurred/27.png,27,-3.37359,1/deblurred/0.png
1/deblurred/28.png,28,-3.081523,1/deblurred/0.png
1/deblurred/29.png,29,-5.180186,1/deblurred/0.png
2/deblurred/1.png,1,-7.674313000000001,2/deblurred/0.png
2/deblurred/2.png,2,-4.122659,2/deblurred/0.png
2/deblurred/3.png,3,-5.699546,2/deblurred/0.png
2/deblurred/4.png,4,-1.517836,2/deblurred/0.png
2/deblurred/5.png,5,-2.883223,2/deblurred/0.png
2/deblurred/6.png,6,-4.664586,2/deblurred/0.png
2/deblurred/7.png,7,-3.2510529999999997,2/deblurred/0.png
2/deblurred/8.png,8,-3.9374239999999996,2/deblurred/0.png
2/deblurred/9.png,9,-5.824476,2/deblurred/0.png
2/deblurred/10.png,10,-2.550263,2/deblurred/0.png
2/deblurred/11.png,11,-2.832912,2/deblurred/0.png
2/deblurred/12.png,12,-4.706918,2/deblurred/0.png
2/deblurred/13.png,13,-2.3002599999999997,2/deblurred/0.png
2/deblurred/14.png,14,-4.218907,2/deblurred/0.png
2/deblurred/15.png,15,-6.8959839999999994,2/deblurred/0.png
2/deblurred/16.png,16,-1.817489,2/deblurred/0.png
2/deblurred/17.png,17,-3.0213349999999997,2/deblurred/0.png
2/deblurred/18.png,18,-5.882363,2/deblurred/0.png
2/deblurred/19.png,19,-10.880711999999999,2/deblurred/0.png
2/deblurred/20.png,20,-10.728356,2/deblurred/0.png
2/deblurred/21.png,21,-10.739662,2/deblurred/0.png
2/deblurred/22.png,22,-11.070275,2/deblurred/0.png
2/deblurred/23.png,23,-10.824717,2/deblurred/0.png
2/deblurred/24.png,24,-10.721634,2/deblurred/0.png
2/deblurred/25.png,25,-6.9535149999999994,2/deblurred/0.png
2/deblurred/26.png,26,-7.530601,2/deblurred/0.png
2/deblurred/27.png,27,-8.784659,2/deblurred/0.png
2/deblurred/28.png,28,-3.777595,2/deblurred/0.png
2/deblurred/29.png,29,-3.774056,2/deblurred/0.png
2/deblurred/30.png,30,-4.976043,2/deblurred/0.png
3/deblurred/1.png,1,-2.490698,3/deblurred/0.png
3/deblurred/2.png,2,-3.841368,3/deblurred/0.png
3/deblurred/3.png,3,-5.570601,3/deblurred/0.png
3/deblurred/4.png,4,-1.287513,3/deblurred/0.png
3/deblurred/5.png,5,-2.7284889999999997,3/deblurred/0.png
3/deblurred/6.png,6,-4.705387,3/deblurred/0.png
3/deblurred/7.png,7,-3.418278,3/deblurred/0.png
3/deblurred/8.png,8,-3.7555739999999997,3/deblurred/0.png
3/deblurred/9.png,9,-6.368054,3/deblurred/0.png
3/deblurred/10.png,10,-2.359258,3/deblurred/0.png
3/deblurred/11.png,11,-2.765616,3/deblurred/0.png
3/deblurred/12.png,12,-5.363976,3/deblurred/0.png
3/deblurred/13.png,13,-7.452872,3/deblurred/0.png
3/deblurred/14.png,14,-3.0573200000000003,3/deblurred/0.png
3/deblurred/15.png,15,-6.237134999999999,3/deblurred/0.png
3/deblurred/16.png,16,-1.330575,3/deblurred/0.png
3/deblurred/17.png,17,-2.922723,3/deblurred/0.png
3/deblurred/18.png,18,-8.164164,3/deblurred/0.png
3/deblurred/19.png,19,-9.359783,3/deblurred/0.png
3/deblurred/20.png,20,-10.587384,3/deblurred/0.png
3/deblurred/21.png,21,-10.337802,3/deblurred/0.png
3/deblurred/22.png,22,-10.984736,3/deblurred/0.png
3/deblurred/23.png,23,-10.83052,3/deblurred/0.png
3/deblurred/24.png,24,-10.838751,3/deblurred/0.png
3/deblurred/25.png,25,-4.304712,3/deblurred/0.png
3/deblurred/26.png,26,-6.702669,3/deblurred/0.png
3/deblurred/27.png,27,-7.408682000000001,3/deblurred/0.png
3/deblurred/28.png,28,-2.3629849999999997,3/deblurred/0.png
3/deblurred/29.png,29,-4.021751,3/deblurred/0.png
3/deblurred/30.png,30,-5.54903,3/deblurred/0.png
4/deblurred/1.png,1,-3.192516,4/deblurred/0.png
4/deblurred/2.png,2,-5.1391480000000005,4/deblurred/0.png
4/deblurred/3.png,3,-6.96547,4/deblurred/0.png
4/deblurred/4.png,4,-1.772475,4/deblurred/0.png
4/deblurred/5.png,5,-3.7014449999999997,4/deblurred/0.png
4/deblurred/6.png,6,-5.658472,4/deblurred/0.png
4/deblurred/7.png,7,-4.997122,4/deblurred/0.png
4/deblurred/8.png,8,-5.407635,4/deblurred/0.png
4/deblurred/9.png,9,-8.877157,4/deblurred/0.png
4/deblurred/10.png,10,-3.47284,4/deblurred/0.png
4/deblurred/11.png,11,-3.948229,4/deblurred/0.png
4/deblurred/12.png,12,-7.589230000000001,4/deblurred/0.png
4/deblurred/13.png,13,-1.52777,4/deblurred/0.png
4/deblurred/14.png,14,-4.756794,4/deblurred/0.png
4/deblurred/15.png,15,-7.7695,4/deblurred/0.png
4/deblurred/16.png,16,-2.657812,4/deblurred/0.png
4/deblurred/17.png,17,-4.510428,4/deblurred/0.png
4/deblurred/18.png,18,-7.325338,4/deblurred/0.png
4/deblurred/19.png,19,-6.54181,4/deblurred/0.png
4/deblurred/20.png,20,-8.442872,4/deblurred/0.png
4/deblurred/21.png,21,-10.486732,4/deblurred/0.png
4/deblurred/22.png,22,-7.639415,4/deblurred/0.png
4/deblurred/23.png,23,-7.060728999999999,4/deblurred/0.png
4/deblurred/24.png,24,-9.625717,4/deblurred/0.png
4/deblurred/25.png,25,-5.745528,4/deblurred/0.png
4/deblurred/26.png,26,-6.815552,4/deblurred/0.png
4/deblurred/27.png,27,-9.35908,4/deblurred/0.png
4/deblurred/28.png,28,-3.763898,4/deblurred/0.png
4/deblurred/29.png,29,-5.157096,4/deblurred/0.png
4/deblurred/30.png,30,-5.706616,4/deblurred/0.png
5/deblurred/1.png,1,-3.406652,5/deblurred/0.png
5/deblurred/2.png,2,-5.549366,5/deblurred/0.png
5/deblurred/3.png,3,-7.348058,5/deblurred/0.png
5/deblurred/4.png,4,-1.342589,5/deblurred/0.png
5/deblurred/5.png,5,-3.6848980000000005,5/deblurred/0.png
5/deblurred/6.png,6,-5.630051,5/deblurred/0.png
5/deblurred/7.png,7,-4.430803,5/deblurred/0.png
5/deblurred/8.png,8,-4.729644,5/deblurred/0.png
5/deblurred/9.png,9,-7.601764999999999,5/deblurred/0.png
5/deblurred/10.png,10,-2.942638,5/deblurred/0.png
5/deblurred/11.png,11,-3.175805,5/deblurred/0.png
5/deblurred/12.png,12,-6.568525999999999,5/deblurred/0.png
5/deblurred/13.png,13,-1.637961,5/deblurred/0.png
5/deblurred/14.png,14,-4.701274,5/deblurred/0.png
5/deblurred/15.png,15,-8.202496,5/deblurred/0.png
5/deblurred/16.png,16,-1.400485,5/deblurred/0.png
5/deblurred/17.png,17,-3.976087,5/deblurred/0.png
5/deblurred/18.png,18,-7.340813000000001,5/deblurred/0.png
5/deblurred/19.png,19,-10.264928999999999,5/deblurred/0.png
5/deblurred/20.png,20,-10.065938000000001,5/deblurred/0.png
5/deblurred/21.png,21,-10.318116,5/deblurred/0.png
5/deblurred/22.png,22,-3.9251370000000003,5/deblurred/0.png
5/deblurred/23.png,23,-10.071992999999999,5/deblurred/0.png
5/deblurred/24.png,24,-10.149314,5/deblurred/0.png
5/deblurred/25.png,25,-3.342032,5/deblurred/0.png
5/deblurred/26.png,26,-6.037978,5/deblurred/0.png
5/deblurred/27.png,27,-8.348287,5/deblurred/0.png
5/deblurred/28.png,28,-2.182378,5/deblurred/0.png
5/deblurred/29.png,29,-4.182507,5/deblurred/0.png
5/deblurred/30.png,30,-7.613465,5/deblurred/0.png
6/deblurred/1.png,1,-3.469492,6/deblurred/0.png
6/deblurred/2.png,2,-5.00933,6/deblurred/0.png
6/deblurred/3.png,3,-6.545758999999999,6/deblurred/0.png
6/deblurred/4.png,4,-1.566182,6/deblurred/0.png
6/deblurred/5.png,5,-3.862215,6/deblurred/0.png
6/deblurred/6.png,6,-5.863525,6/deblurred/0.png
6/deblurred/7.png,7,-3.5690510000000004,6/deblurred/0.png
6/deblurred/8.png,8,-4.016079,6/deblurred/0.png
6/deblurred/9.png,9,-6.571738000000001,6/deblurred/0.png
6/deblurred/10.png,10,-2.487105,6/deblurred/0.png
6/deblurred/11.png,11,-2.780642,6/deblurred/0.png
6/deblurred/12.png,12,-5.4499699999999995,6/deblurred/0.png
6/deblurred/13.png,13,-8.730558,6/deblurred/0.png
6/deblurred/14.png,14,-5.20686,6/deblurred/0.png
6/deblurred/15.png,15,-7.780832000000001,6/deblurred/0.png
6/deblurred/16.png,16,-1.8932830000000003,6/deblurred/0.png
6/deblurred/17.png,17,-3.928943,6/deblurred/0.png
6/deblurred/18.png,18,-6.883146000000001,6/deblurred/0.png
6/deblurred/19.png,19,-11.205222000000001,6/deblurred/0.png
6/deblurred/20.png,20,-11.187832,6/deblurred/0.png
6/deblurred/21.png,21,-11.280947,6/deblurred/0.png
6/deblurred/22.png,22,-10.91568,6/deblurred/0.png
6/deblurred/23.png,23,-10.991268,6/deblurred/0.png
6/deblurred/24.png,24,-11.127936,6/deblurred/0.png
6/deblurred/25.png,25,-3.924668,6/deblurred/0.png
6/deblurred/26.png,26,-4.601762,6/deblurred/0.png
6/deblurred/27.png,27,-8.502824,6/deblurred/0.png
6/deblurred/28.png,28,-2.326857,6/deblurred/0.png
6/deblurred/29.png,29,-3.619675,6/deblurred/0.png
6/deblurred/30.png,30,-5.500889,6/deblurred/0.png
7/deblurred/1.png,1,-1.427798,7/deblurred/0.png
7/deblurred/2.png,2,-3.890274,7/deblurred/0.png
7/deblurred/3.png,3,-5.890119,7/deblurred/0.png
7/deblurred/4.png,4,-0.844081,7/deblurred/0.png
7/deblurred/5.png,5,-3.08802,7/deblurred/0.png
7/deblurred/6.png,6,-5.057337,7/deblurred/0.png
7/deblurred/7.png,7,-2.752149,7/deblurred/0.png
7/deblurred/8.png,8,-2.925454,7/deblurred/0.png
7/deblurred/9.png,9,-5.5159970000000005,7/deblurred/0.png
7/deblurred/10.png,10,-1.489143,7/deblurred/0.png
7/deblurred/11.png,11,-1.889118,7/deblurred/0.png
7/deblurred/12.png,12,-4.2006879999999995,7/deblurred/0.png
7/deblurred/13.png,13,-0.723061,7/deblurred/0.png
7/deblurred/14.png,14,-3.708905,7/deblurred/0.png
7/deblurred/15.png,15,-7.587714999999999,7/deblurred/0.png
7/deblurred/16.png,16,-0.66985,7/deblurred/0.png
7/deblurred/17.png,17,-2.971597,7/deblurred/0.png
7/deblurred/18.png,18,-6.128744999999999,7/deblurred/0.png
7/deblurred/19.png,19,-3.57995,7/deblurred/0.png
7/deblurred/20.png,20,-5.82105,7/deblurred/0.png
7/deblurred/21.png,21,-9.732574000000001,7/deblurred/0.png
7/deblurred/22.png,22,-1.9230770000000001,7/deblurred/0.png
7/deblurred/23.png,23,-5.929996,7/deblurred/0.png
7/deblurred/24.png,24,-7.160386999999999,7/deblurred/0.png
7/deblurred/25.png,25,-3.8550449999999996,7/deblurred/0.png
7/deblurred/26.png,26,-4.843925,7/deblurred/0.png
7/deblurred/27.png,27,-6.349001,7/deblurred/0.png
7/deblurred/28.png,28,-4.732998,7/deblurred/0.png
7/deblurred/29.png,29,-4.418717,7/deblurred/0.png
7/deblurred/30.png,30,-6.126114,7/deblurred/0.png
8/deblurred/1.png,1,-5.534507,8/deblurred/0.png
8/deblurred/2.png,2,-6.056148,8/deblurred/0.png
8/deblurred/3.png,3,-7.626635,8/deblurred/0.png
8/deblurred/4.png,4,-4.380949,8/deblurred/0.png
8/deblurred/5.png,5,-5.3458120000000005,8/deblurred/0.png
8/deblurred/6.png,6,-6.810149000000001,8/deblurred/0.png
8/deblurred/7.png,7,-6.588197,8/deblurred/0.png
8/deblurred/8.png,8,-7.090642999999999,8/deblurred/0.png
8/deblurred/9.png,9,-9.316722,8/deblurred/0.png
8/deblurred/10.png,10,-5.291039,8/deblurred/0.png
8/deblurred/11.png,11,-5.762274,8/deblurred/0.png
8/deblurred/12.png,12,-8.614078999999998,8/deblurred/0.png
8/deblurred/13.png,13,-2.125366,8/deblurred/0.png
8/deblurred/14.png,14,-5.497479,8/deblurred/0.png
8/deblurred/15.png,15,-8.708037,8/deblurred/0.png
8/deblurred/16.png,16,-3.106245,8/deblurred/0.png
8/deblurred/17.png,17,-4.84971,8/deblurred/0.png
8/deblurred/18.png,18,-7.890219,8/deblurred/0.png
8/deblurred/19.png,19,-10.900214,8/deblurred/0.png
8/deblurred/20.png,20,-11.582467,8/deblurred/0.png
8/deblurred/21.png,21,-11.724021,8/deblurred/0.png
8/deblurred/22.png,22,-5.791093,8/deblurred/0.png
8/deblurred/23.png,23,-10.085868,8/deblurred/0.png
8/deblurred/24.png,24,-11.838689,8/deblurred/0.png
8/deblurred/25.png,25,-6.052503,8/deblurred/0.png
8/deblurred/26.png,26,-8.782259,8/deblurred/0.png
8/deblurred/27.png,27,-9.044289,8/deblurred/0.png
8/deblurred/28.png,28,-5.506525,8/deblurred/0.png
8/deblurred/29.png,29,-6.434697,8/deblurred/0.png
8/deblurred/30.png,30,-7.653383,8/deblurred/0.png
9/deblurred/1.png,1,-3.784815,9/deblurred/0.png
9/deblurred/2.png,2,-4.826437,9/deblurred/0.png
9/deblurred/3.png,3,-6.364898999999999,9/deblurred/0.png
9/deblurred/4.png,4,-1.596471,9/deblurred/0.png
9/deblurred/5.png,5,-3.527618,9/deblurred/0.png
9/deblurred/6.png,6,-5.422218,9/deblurred/0.png
9/deblurred/7.png,7,-3.352495,9/deblurred/0.png
9/deblurred/8.png,8,-3.795657,9/deblurred/0.png
9/deblurred/9.png,9,-6.637819,9/deblurred/0.png
9/deblurred/10.png,10,-2.4065939999999997,9/deblurred/0.png
9/deblurred/11.png,11,-2.7880689999999997,9/deblurred/0.png
9/deblurred/12.png,12,-5.940882,9/deblurred/0.png
9/deblurred/13.png,13,-2.559323,9/deblurred/0.png
9/deblurred/14.png,14,-4.858769000000001,9/deblurred/0.png
9/deblurred/15.png,15,-7.6461619999999995,9/deblurred/0.png
9/deblurred/16.png,16,-2.010457,9/deblurred/0.png
9/deblurred/17.png,17,-3.550414,9/deblurred/0.png
9/deblurred/18.png,18,-6.5877229999999996,9/deblurred/0.png
9/deblurred/19.png,19,-5.874035,9/deblurred/0.png
9/deblurred/20.png,20,-10.249454,9/deblurred/0.png
9/deblurred/21.png,21,-9.434268,9/deblurred/0.png
9/deblurred/22.png,22,-4.056069,9/deblurred/0.png
9/deblurred/23.png,23,-5.4374150000000006,9/deblurred/0.png
9/deblurred/24.png,24,-11.557948,9/deblurred/0.png
9/deblurred/25.png,25,-7.773637,9/deblurred/0.png
9/deblurred/26.png,26,-8.112959,9/deblurred/0.png
9/deblurred/27.png,27,-9.211333,9/deblurred/0.png
9/deblurred/28.png,28,-5.352715,9/deblurred/0.png
9/deblurred/29.png,29,-5.201186,9/deblurred/0.png
9/deblurred/30.png,30,-7.064628999999999,9/deblurred/0.png
10/deblurred/1.png,1,-1.773898,10/deblurred/0.png
10/deblurred/2.png,2,-3.351601,10/deblurred/0.png
10/deblurred/3.png,3,-4.794578,10/deblurred/0.png
10/deblurred/4.png,4,-0.844316,10/deblurred/0.png
10/deblurred/5.png,5,-2.605239,10/deblurred/0.png
10/deblurred/6.png,6,-4.358676999999999,10/deblurred/0.png
10/deblurred/7.png,7,-2.857252,10/deblurred/0.png
10/deblurred/8.png,8,-3.252137,10/deblurred/0.png
10/deblurred/9.png,9,-6.7741880000000005,10/deblurred/0.png
10/deblurred/10.png,10,-1.868912,10/deblurred/0.png
10/deblurred/11.png,11,-2.137659,10/deblurred/0.png
10/deblurred/12.png,12,-6.150676,10/deblurred/0.png
10/deblurred/13.png,13,-5.839967,10/deblurred/0.png
10/deblurred/14.png,14,-4.6265849999999995,10/deblurred/0.png
10/deblurred/15.png,15,-5.519186,10/deblurred/0.png
10/deblurred/16.png,16,-0.549995,10/deblurred/0.png
10/deblurred/17.png,17,-1.9209169999999998,10/deblurred/0.png
10/deblurred/18.png,18,-4.520688,10/deblurred/0.png
10/deblurred/19.png,19,-9.195053999999999,10/deblurred/0.png
10/deblurred/20.png,20,-8.917182,10/deblurred/0.png
10/deblurred/21.png,21,-9.223366,10/deblurred/0.png
10/deblurred/22.png,22,-9.446009,10/deblurred/0.png
10/deblurred/23.png,23,-9.719708,10/deblurred/0.png
10/deblurred/24.png,24,-9.532598,10/deblurred/0.png
10/deblurred/25.png,25,-4.106351,10/deblurred/0.png
10/deblurred/26.png,26,-4.886442,10/deblurred/0.png
10/deblurred/27.png,27,-7.155392999999999,10/deblurred/0.png
10/deblurred/28.png,28,-2.5312040000000002,10/deblurred/0.png
10/deblurred/29.png,29,-2.297352,10/deblurred/0.png
10/deblurred/30.png,30,-3.8132019999999995,10/deblurred/0.png
11/deblurred/1.png,1,-1.590234,11/deblurred/0.png
11/deblurred/2.png,2,-3.5764489999999998,11/deblurred/0.png
11/deblurred/3.png,3,-5.509456,11/deblurred/0.png
11/deblurred/4.png,4,-0.938076,11/deblurred/0.png
11/deblurred/5.png,5,-2.789037,11/deblurred/0.png
11/deblurred/6.png,6,-4.683543,11/deblurred/0.png
11/deblurred/7.png,7,-3.446196,11/deblurred/0.png
11/deblurred/8.png,8,-3.9875300000000005,11/deblurred/0.png
11/deblurred/9.png,9,-7.262865,11/deblurred/0.png
11/deblurred/10.png,10,-2.3771169999999997,11/deblurred/0.png
11/deblurred/11.png,11,-2.48653,11/deblurred/0.png
11/deblurred/12.png,12,-5.615876,11/deblurred/0.png
11/deblurred/13.png,13,-0.41963599999999995,11/deblurred/0.png
11/deblurred/14.png,14,-3.6827199999999998,11/deblurred/0.png
11/deblurred/15.png,15,-7.160193,11/deblurred/0.png
11/deblurred/16.png,16,-1.2487540000000001,11/deblurred/0.png
11/deblurred/17.png,17,-2.65729,11/deblurred/0.png
11/deblurred/18.png,18,-5.711880000000001,11/deblurred/0.png
11/deblurred/19.png,19,-4.709112,11/deblurred/0.png
11/deblurred/20.png,20,-9.216377,11/deblurred/0.png
11/deblurred/21.png,21,-8.878128,11/deblurred/0.png
11/deblurred/22.png,22,-2.002772,11/deblurred/0.png
11/deblurred/23.png,23,-8.997306,11/deblurred/0.png
11/deblurred/24.png,24,-9.427307,11/deblurred/0.png
11/deblurred/25.png,25,-4.117271,11/deblurred/0.png
11/deblurred/26.png,26,-5.065803,11/deblurred/0.png
11/deblurred/27.png,27,-6.499129,11/deblurred/0.png
11/deblurred/28.png,28,-2.729654,11/deblurred/0.png
11/deblurred/29.png,29,-3.184947,11/deblurred/0.png
11/deblurred/30.png,30,-5.580769,11/deblurred/0.png
12/deblurred/1.png,1,-2.237031,12/deblurred/0.png
12/deblurred/2.png,2,-4.398903,12/deblurred/0.png
12/deblurred/3.png,3,-6.697095,12/deblurred/0.png
12/deblurred/4.png,4,-0.893482,12/deblurred/0.png
12/deblurred/5.png,5,-3.520564,12/deblurred/0.png
12/deblurred/6.png,6,-5.6265019999999994,12/deblurred/0.png
12/deblurred/7.png,7,-3.709704,12/deblurred/0.png
12/deblurred/8.png,8,-3.844817,12/deblurred/0.png
12/deblurred/9.png,9,-8.844739,12/deblurred/0.png
12/deblurred/10.png,10,-2.224856,12/deblurred/0.png
12/deblurred/11.png,11,-2.621701,12/deblurred/0.png
12/deblurred/12.png,12,-6.298525,12/deblurred/0.png
12/deblurred/13.png,13,-10.797323,12/deblurred/0.png
12/deblurred/14.png,14,-7.123635,12/deblurred/0.png
12/deblurred/15.png,15,-11.244863,12/deblurred/0.png
12/deblurred/16.png,16,-8.797042999999999,12/deblurred/0.png
12/deblurred/17.png,17,-9.487494,12/deblurred/0.png
12/deblurred/18.png,18,-10.310785000000001,12/deblurred/0.png
12/deblurred/19.png,19,-4.760736,12/deblurred/0.png
12/deblurred/20.png,20,-11.536833999999999,12/deblurred/0.png
12/deblurred/21.png,21,-14.497046,12/deblurred/0.png
12/deblurred/22.png,22,-9.662055,12/deblurred/0.png
12/deblurred/23.png,23,-11.810737,12/deblurred/0.png
12/deblurred/24.png,24,-14.557315,12/deblurred/0.png
12/deblurred/25.png,25,-9.004816,12/deblurred/0.png
12/deblurred/26.png,26,-8.022886999999999,12/deblurred/0.png
12/deblurred/27.png,27,-8.515884,12/deblurred/0.png
12/deblurred/28.png,28,-5.829961,12/deblurred/0.png
12/deblurred/29.png,29,-6.925762,12/deblurred/0.png
12/deblurred/30.png,30,-8.134171,12/deblurred/0.png
13/deblurred/1.png,1,-3.929472,13/deblurred/0.png
13/deblurred/2.png,2,-5.370051,13/deblurred/0.png
13/deblurred/3.png,3,-6.999022999999999,13/deblurred/0.png
13/deblurred/4.png,4,-2.160266,13/deblurred/0.png
13/deblurred/5.png,5,-4.3100510000000005,13/deblurred/0.png
13/deblurred/6.png,6,-6.221030000000001,13/deblurred/0.png
13/deblurred/7.png,7,-5.237222,13/deblurred/0.png
13/deblurred/8.png,8,-5.0779309999999995,13/deblurred/0.png
13/deblurred/9.png,9,-9.356247999999999,13/deblurred/0.png
13/deblurred/10.png,10,-3.384314,13/deblurred/0.png
13/deblurred/11.png,11,-3.739247,13/deblurred/0.png
13/deblurred/12.png,12,-6.26201,13/deblurred/0.png
13/deblurred/13.png,13,-9.998933000000001,13/deblurred/0.png
13/deblurred/14.png,14,-10.908874,13/deblurred/0.png
13/deblurred/15.png,15,-11.553975,13/deblurred/0.png
13/deblurred/16.png,16,-2.019097,13/deblurred/0.png
13/deblurred/17.png,17,-4.330217,13/deblurred/0.png
13/deblurred/18.png,18,-8.422176,13/deblurred/0.png
13/deblurred/19.png,19,-6.519876,13/deblurred/0.png
13/deblurred/20.png,20,-12.982503,13/deblurred/0.png
13/deblurred/21.png,21,-15.106169,13/deblurred/0.png
13/deblurred/22.png,22,-13.323315,13/deblurred/0.png
13/deblurred/23.png,23,-14.804012,13/deblurred/0.png
13/deblurred/24.png,24,-9.552102,13/deblurred/0.png
13/deblurred/25.png,25,-7.842797,13/deblurred/0.png
13/deblurred/26.png,26,-9.066007,13/deblurred/0.png
13/deblurred/27.png,27,-9.635228,13/deblurred/0.png
13/deblurred/28.png,28,-6.2694849999999995,13/deblurred/0.png
13/deblurred/29.png,29,-6.849164,13/deblurred/0.png
13/deblurred/30.png,30,-8.360347,13/deblurred/0.png
14/deblurred/1.png,1,-3.300563,14/deblurred/0.png
14/deblurred/2.png,2,-5.45761,14/deblurred/0.png
14/deblurred/3.png,3,-7.505438000000001,14/deblurred/0.png
14/deblurred/4.png,4,-2.028578,14/deblurred/0.png
14/deblurred/5.png,5,-4.776087,14/deblurred/0.png
14/deblurred/6.png,6,-6.681242,14/deblurred/0.png
14/deblurred/7.png,7,-4.1782449999999995,14/deblurred/0.png
14/deblurred/8.png,8,-4.443037,14/deblurred/0.png
14/deblurred/9.png,9,-8.361775999999999,14/deblurred/0.png
14/deblurred/10.png,10,-2.992801,14/deblurred/0.png
14/deblurred/11.png,11,-3.075543,14/deblurred/0.png
14/deblurred/12.png,12,-6.814075,14/deblurred/0.png
14/deblurred/13.png,13,-1.1649260000000001,14/deblurred/0.png
14/deblurred/14.png,14,-4.790451,14/deblurred/0.png
14/deblurred/15.png,15,-8.775762,14/deblurred/0.png
14/deblurred/16.png,16,-1.9147060000000002,14/deblurred/0.png
14/deblurred/17.png,17,-3.906365,14/deblurred/0.png
14/deblurred/18.png,18,-7.7343470000000005,14/deblurred/0.png
14/deblurred/19.png,19,-5.097375,14/deblurred/0.png
14/deblurred/20.png,20,-9.618714,14/deblurred/0.png
14/deblurred/21.png,21,-11.871682,14/deblurred/0.png
14/deblurred/22.png,22,-4.0738010000000004,14/deblurred/0.png
14/deblurred/23.png,23,-10.855482,14/deblurred/0.png
14/deblurred/24.png,24,-11.995774,14/deblurred/0.png
14/deblurred/25.png,25,-6.759042999999999,14/deblurred/0.png
14/deblurred/26.png,26,-7.2764619999999995,14/deblurred/0.png
14/deblurred/27.png,27,-8.916350999999999,14/deblurred/0.png
14/deblurred/28.png,28,-4.749537,14/deblurred/0.png
14/deblurred/29.png,29,-5.180236,14/deblurred/0.png
14/deblurred/30.png,30,-7.014081,14/deblurred/0.png
15/deblurred/1.png,1,-4.734255999999999,15/deblurred/0.png
15/deblurred/2.png,2,-5.121672,15/deblurred/0.png
15/deblurred/3.png,3,-6.758053,15/deblurred/0.png
15/deblurred/4.png,4,-2.243019,15/deblurred/0.png
15/deblurred/5.png,5,-4.062634,15/deblurred/0.png
15/deblurred/6.png,6,-6.039744000000001,15/deblurred/0.png
15/deblurred/7.png,7,-5.349216,15/deblurred/0.png
15/deblurred/8.png,8,-5.86186,15/deblurred/0.png
15/deblurred/9.png,9,-9.262895,15/deblurred/0.png
15/deblurred/10.png,10,-5.944093,15/deblurred/0.png
15/deblurred/11.png,11,-6.1496889999999995,15/deblurred/0.png
15/deblurred/12.png,12,-8.170441,15/deblurred/0.png
15/deblurred/13.png,13,-0.863916,15/deblurred/0.png
15/deblurred/14.png,14,-4.203311,15/deblurred/0.png
15/deblurred/15.png,15,-7.317961,15/deblurred/0.png
15/deblurred/16.png,16,-1.1988459999999999,15/deblurred/0.png
15/deblurred/17.png,17,-3.3063300000000004,15/deblurred/0.png
15/deblurred/18.png,18,-6.142589,15/deblurred/0.png
15/deblurred/19.png,19,-10.71503,15/deblurred/0.png
15/deblurred/20.png,20,-10.620463,15/deblurred/0.png
15/deblurred/21.png,21,-11.321133999999999,15/deblurred/0.png
15/deblurred/22.png,22,-1.444132,15/deblurred/0.png
15/deblurred/23.png,23,-11.72735,15/deblurred/0.png
15/deblurred/24.png,24,-11.155099,15/deblurred/0.png
15/deblurred/25.png,25,-5.243812,15/deblurred/0.png
15/deblurred/26.png,26,-6.455205,15/deblurred/0.png
15/deblurred/27.png,27,-7.706028,15/deblurred/0.png
15/deblurred/28.png,28,-3.033881,15/deblurred/0.png
15/deblurred/29.png,29,-5.111092,15/deblurred/0.png
15/deblurred/30.png,30,-8.201166,15/deblurred/0.png
16/deblurred/1.png,1,-2.226471,16/deblurred/0.png
16/deblurred/2.png,2,-4.202775,16/deblurred/0.png
16/deblurred/3.png,3,-5.827071,16/deblurred/0.png
16/deblurred/4.png,4,-0.9297860000000001,16/deblurred/0.png
16/deblurred/5.png,5,-3.330362,16/deblurred/0.png
16/deblurred/6.png,6,-4.956802,16/deblurred/0.png
16/deblurred/7.png,7,-2.490787,16/deblurred/0.png
16/deblurred/8.png,8,-2.4969490000000003,16/deblurred/0.png
16/deblurred/9.png,9,-5.583434,16/deblurred/0.png
16/deblurred/10.png,10,-1.1138649999999999,16/deblurred/0.png
16/deblurred/11.png,11,-1.217983,16/deblurred/0.png
16/deblurred/12.png,12,-3.6184819999999998,16/deblurred/0.png
16/deblurred/13.png,13,-5.3298440000000005,16/deblurred/0.png
16/deblurred/14.png,14,-6.762928,16/deblurred/0.png
16/deblurred/15.png,15,-8.619342,16/deblurred/0.png
16/deblurred/16.png,16,-0.5524,16/deblurred/0.png
16/deblurred/17.png,17,-2.9749209999999997,16/deblurred/0.png
16/deblurred/18.png,18,-6.176063,16/deblurred/0.png
16/deblurred/19.png,19,-3.513954,16/deblurred/0.png
16/deblurred/20.png,20,-9.126346,16/deblurred/0.png
16/deblurred/21.png,21,-10.264816999999999,16/deblurred/0.png
16/deblurred/22.png,22,-3.018982,16/deblurred/0.png
16/deblurred/23.png,23,-8.982944,16/deblurred/0.png
16/deblurred/24.png,24,-11.262039999999999,16/deblurred/0.png
16/deblurred/25.png,25,-7.642461,16/deblurred/0.png
16/deblurred/26.png,26,-7.564789,16/deblurred/0.png
16/deblurred/27.png,27,-7.291785000000001,16/deblurred/0.png
16/deblurred/28.png,28,-3.4032449999999996,16/deblurred/0.png
16/deblurred/29.png,29,-5.9210650000000005,16/deblurred/0.png
16/deblurred/30.png,30,-5.695183,16/deblurred/0.png
17/deblurred/1.png,1,-2.2976330000000003,17/deblurred/0.png
17/deblurred/2.png,2,-4.282294,17/deblurred/0.png
17/deblurred/3.png,3,-6.398236,17/deblurred/0.png
17/deblurred/4.png,4,-1.286332,17/deblurred/0.png
17/deblurred/5.png,5,-2.957679,17/deblurred/0.png
17/deblurred/6.png,6,-5.038803,17/deblurred/0.png
17/deblurred/7.png,7,-3.3965980000000005,17/deblurred/0.png
17/deblurred/8.png,8,-4.053289,17/deblurred/0.png
17/deblurred/9.png,9,-7.9619089999999995,17/deblurred/0.png
17/deblurred/10.png,10,-2.382124,17/deblurred/0.png
17/deblurred/11.png,11,-2.627773,17/deblurred/0.png
17/deblurred/12.png,12,-6.250907,17/deblurred/0.png
17/deblurred/13.png,13,-0.641329,17/deblurred/0.png
17/deblurred/14.png,14,-3.91115,17/deblurred/0.png
17/deblurred/15.png,15,-6.824946000000001,17/deblurred/0.png
17/deblurred/16.png,16,-0.832168,17/deblurred/0.png
17/deblurred/17.png,17,-3.0333509999999997,17/deblurred/0.png
17/deblurred/18.png,18,-5.371946,17/deblurred/0.png
17/deblurred/19.png,19,-9.858958,17/deblurred/0.png
17/deblurred/20.png,20,-10.019692,17/deblurred/0.png
17/deblurred/21.png,21,-10.540054,17/deblurred/0.png
17/deblurred/22.png,22,-10.570859,17/deblurred/0.png
17/deblurred/23.png,23,-10.818280999999999,17/deblurred/0.png
17/deblurred/24.png,24,-11.260542,17/deblurred/0.png
17/deblurred/25.png,25,-5.843807,17/deblurred/0.png
17/deblurred/26.png,26,-6.344898000000001,17/deblurred/0.png
17/deblurred/27.png,27,-8.11755,17/deblurred/0.png
17/deblurred/28.png,28,-2.453652,17/deblurred/0.png
17/deblurred/29.png,29,-4.4432339999999995,17/deblurred/0.png
17/deblurred/30.png,30,-7.857710000000001,17/deblurred/0.png
18/deblurred/1.png,1,-8.373472,18/deblurred/0.png
18/deblurred/2.png,2,-6.0299830000000005,18/deblurred/0.png
18/deblurred/3.png,3,-8.450025,18/deblurred/0.png
18/deblurred/4.png,4,-2.250409,18/deblurred/0.png
18/deblurred/5.png,5,-4.301608,18/deblurred/0.png
18/deblurred/6.png,6,-5.898434,18/deblurred/0.png
18/deblurred/7.png,7,-6.282483999999999,18/deblurred/0.png
18/deblurred/8.png,8,-6.3880669999999995,18/deblurred/0.png
18/deblurred/9.png,9,-8.617192,18/deblurred/0.png
18/deblurred/10.png,10,-6.456618,18/deblurred/0.png
18/deblurred/11.png,11,-6.553339,18/deblurred/0.png
18/deblurred/12.png,12,-8.190463000000001,18/deblurred/0.png
18/deblurred/13.png,13,-1.021068,18/deblurred/0.png
18/deblurred/14.png,14,-4.091664,18/deblurred/0.png
18/deblurred/15.png,15,-10.451827999999999,18/deblurred/0.png
18/deblurred/16.png,16,-2.7345490000000003,18/deblurred/0.png
18/deblurred/17.png,17,-4.068144,18/deblurred/0.png
18/deblurred/18.png,18,-7.478694,18/deblurred/0.png
18/deblurred/19.png,19,-9.5353,18/deblurred/0.png
18/deblurred/20.png,20,-11.485296,18/deblurred/0.png
18/deblurred/21.png,21,-11.61179,18/deblurred/0.png
18/deblurred/22.png,22,-11.252676,18/deblurred/0.png
18/deblurred/23.png,23,-11.439249,18/deblurred/0.png
18/deblurred/24.png,24,-12.346308,18/deblurred/0.png
18/deblurred/25.png,25,-4.763793,18/deblurred/0.png
18/deblurred/26.png,26,-5.930728,18/deblurred/0.png
18/deblurred/27.png,27,-9.0702,18/deblurred/0.png
18/deblurred/28.png,28,-2.965495,18/deblurred/0.png
18/deblurred/29.png,29,-5.372191,18/deblurred/0.png
18/deblurred/30.png,30,-6.17274,18/deblurred/0.png
19/deblurred/1.png,1,-3.2823629999999997,19/deblurred/0.png
19/deblurred/2.png,2,-4.491016,19/deblurred/0.png
19/deblurred/3.png,3,-5.879397,19/deblurred/0.png
19/deblurred/4.png,4,-1.483187,19/deblurred/0.png
19/deblurred/5.png,5,-3.365768,19/deblurred/0.png
19/deblurred/6.png,6,-4.882651,19/deblurred/0.png
19/deblurred/7.png,7,-4.2591,19/deblurred/0.png
19/deblurred/8.png,8,-4.570761,19/deblurred/0.png
19/deblurred/9.png,9,-6.9670630000000005,19/deblurred/0.png
19/deblurred/10.png,10,-2.972531,19/deblurred/0.png
19/deblurred/11.png,11,-3.2997019999999995,19/deblurred/0.png
19/deblurred/12.png,12,-6.735322,19/deblurred/0.png
19/deblurred/13.png,13,-1.8898139999999999,19/deblurred/0.png
19/deblurred/14.png,14,-4.506532,19/deblurred/0.png
19/deblurred/15.png,15,-6.909489,19/deblurred/0.png
19/deblurred/16.png,16,-2.7005939999999997,19/deblurred/0.png
19/deblurred/17.png,17,-6.554060000000001,19/deblurred/0.png
19/deblurred/18.png,18,-7.604141,19/deblurred/0.png
19/deblurred/19.png,19,-9.008291,19/deblurred/0.png
19/deblurred/20.png,20,-8.521165,19/deblurred/0.png
19/deblurred/21.png,21,-10.411767999999999,19/deblurred/0.png
19/deblurred/22.png,22,-10.986898,19/deblurred/0.png
19/deblurred/23.png,23,-11.62825,19/deblurred/0.png
19/deblurred/24.png,24,-10.092614,19/deblurred/0.png
19/deblurred/25.png,25,-4.729727,19/deblurred/0.png
19/deblurred/26.png,26,-4.684594000000001,19/deblurred/0.png
19/deblurred/27.png,27,-6.688627,19/deblurred/0.png
19/deblurred/28.png,28,-2.740724,19/deblurred/0.png
19/deblurred/29.png,29,-3.3281620000000003,19/deblurred/0.png
19/deblurred/30.png,30,-6.623742999999999,19/deblurred/0.png
20/deblurred/1.png,1,-2.088397,20/deblurred/0.png
20/deblurred/2.png,2,-6.295813,20/deblurred/0.png
20/deblurred/3.png,3,-7.448038,20/deblurred/0.png
20/deblurred/4.png,4,-2.792672,20/deblurred/0.png
20/deblurred/5.png,5,-4.737711,20/deblurred/0.png
20/deblurred/6.png,6,-5.5449980000000005,20/deblurred/0.png
20/deblurred/7.png,7,-4.172129,20/deblurred/0.png
20/deblurred/8.png,8,-4.207566,20/deblurred/0.png
20/deblurred/9.png,9,-6.877925,20/deblurred/0.png
20/deblurred/10.png,10,-4.419867,20/deblurred/0.png
20/deblurred/11.png,11,-4.613325,20/deblurred/0.png
20/deblurred/12.png,12,-6.695638000000001,20/deblurred/0.png
20/deblurred/13.png,13,-1.5387170000000001,20/deblurred/0.png
20/deblurred/14.png,14,-3.6488339999999995,20/deblurred/0.png
20/deblurred/15.png,15,-6.911536,20/deblurred/0.png
20/deblurred/16.png,16,-1.35216,20/deblurred/0.png
20/deblurred/17.png,17,-2.7673509999999997,20/deblurred/0.png
20/deblurred/18.png,18,-6.46585,20/deblurred/0.png
20/deblurred/19.png,19,-2.983347,20/deblurred/0.png
20/deblurred/20.png,20,-10.05258,20/deblurred/0.png
20/deblurred/21.png,21,-9.234067999999999,20/deblurred/0.png
20/deblurred/22.png,22,-4.7945660000000005,20/deblurred/0.png
20/deblurred/23.png,23,-9.973721000000001,20/deblurred/0.png
20/deblurred/24.png,24,-10.19317,20/deblurred/0.png
20/deblurred/25.png,25,-3.6540239999999997,20/deblurred/0.png
20/deblurred/26.png,26,-4.627405,20/deblurred/0.png
20/deblurred/27.png,27,-5.587893,20/deblurred/0.png
20/deblurred/28.png,28,-3.094235,20/deblurred/0.png
20/deblurred/29.png,29,-2.9077599999999997,20/deblurred/0.png
20/deblurred/30.png,30,-5.213175,20/deblurred/0.png
21/deblurred/1.png,1,-6.407997,21/deblurred/0.png
21/deblurred/2.png,2,-7.0996440000000005,21/deblurred/0.png
21/deblurred/3.png,3,-8.853495,21/deblurred/0.png
21/deblurred/4.png,4,-5.671181,21/deblurred/0.png
21/deblurred/5.png,5,-6.084104,21/deblurred/0.png
21/deblurred/6.png,6,-7.671621000000001,21/deblurred/0.png
21/deblurred/7.png,7,-3.495544,21/deblurred/0.png
21/deblurred/8.png,8,-3.710983,21/deblurred/0.png
21/deblurred/9.png,9,-10.117065,21/deblurred/0.png
21/deblurred/10.png,10,-3.786022,21/deblurred/0.png
21/deblurred/11.png,11,-4.197264,21/deblurred/0.png
21/deblurred/12.png,12,-9.479778,21/deblurred/0.png
21/deblurred/13.png,13,-6.109376,21/deblurred/0.png
21/deblurred/14.png,14,-7.367111,21/deblurred/0.png
21/deblurred/15.png,15,-9.999352,21/deblurred/0.png
21/deblurred/16.png,16,-3.9169650000000003,21/deblurred/0.png
21/deblurred/17.png,17,-5.758951000000001,21/deblurred/0.png
21/deblurred/18.png,18,-7.402755,21/deblurred/0.png
21/deblurred/19.png,19,-9.739141,21/deblurred/0.png
21/deblurred/20.png,20,-10.833575,21/deblurred/0.png
21/deblurred/21.png,21,-10.491617999999999,21/deblurred/0.png
21/deblurred/22.png,22,-9.764831,21/deblurred/0.png
21/deblurred/23.png,23,-9.194682,21/deblurred/0.png
21/deblurred/24.png,24,-13.125914000000002,21/deblurred/0.png
21/deblurred/25.png,25,-7.599863,21/deblurred/0.png
21/deblurred/26.png,26,-8.024629,21/deblurred/0.png
21/deblurred/27.png,27,-11.28102,21/deblurred/0.png
21/deblurred/28.png,28,-5.856387000000001,21/deblurred/0.png
21/deblurred/29.png,29,-5.184941,21/deblurred/0.png
21/deblurred/30.png,30,-8.721245,21/deblurred/0.png
22/deblurred/1.png,1,-2.195634,22/deblurred/0.png
22/deblurred/2.png,2,-3.864747,22/deblurred/0.png
22/deblurred/3.png,3,-5.589897000000001,22/deblurred/0.png
22/deblurred/4.png,4,-1.1843059999999999,22/deblurred/0.png
22/deblurred/5.png,5,-2.8180099999999997,22/deblurred/0.png
22/deblurred/6.png,6,-4.934173,22/deblurred/0.png
22/deblurred/7.png,7,-3.99416,22/deblurred/0.png
22/deblurred/8.png,8,-4.55577,22/deblurred/0.png
22/deblurred/9.png,9,-7.327594,22/deblurred/0.png
22/deblurred/10.png,10,-3.144069,22/deblurred/0.png
22/deblurred/11.png,11,-3.3216370000000004,22/deblurred/0.png
22/deblurred/12.png,12,-5.992071,22/deblurred/0.png
22/deblurred/13.png,13,-1.687948,22/deblurred/0.png
22/deblurred/14.png,14,-3.18214,22/deblurred/0.png
22/deblurred/15.png,15,-6.307403,22/deblurred/0.png
22/deblurred/16.png,16,-0.7552,22/deblurred/0.png
22/deblurred/17.png,17,-2.5369029999999997,22/deblurred/0.png
22/deblurred/18.png,18,-7.992413000000001,22/deblurred/0.png
22/deblurred/19.png,19,-5.220111,22/deblurred/0.png
22/deblurred/20.png,20,-9.680530000000001,22/deblurred/0.png
22/deblurred/21.png,21,-9.872805,22/deblurred/0.png
22/deblurred/22.png,22,-2.258916,22/deblurred/0.png
22/deblurred/23.png,23,-10.047811,22/deblurred/0.png
22/deblurred/24.png,24,-10.288295,22/deblurred/0.png
22/deblurred/25.png,25,-4.631767,22/deblurred/0.png
22/deblurred/26.png,26,-4.872922,22/deblurred/0.png
22/deblurred/27.png,27,-6.37706,22/deblurred/0.png
22/deblurred/28.png,28,-2.497217,22/deblurred/0.png
22/deblurred/29.png,29,-3.111679,22/deblurred/0.png
22/deblurred/30.png,30,-4.073613,22/deblurred/0.png
23/deblurred/1.png,1,-1.876632,23/deblurred/0.png
23/deblurred/2.png,2,-4.024703,23/deblurred/0.png
23/deblurred/3.png,3,-5.822762,23/deblurred/0.png
23/deblurred/4.png,4,-0.901608,23/deblurred/0.png
23/deblurred/5.png,5,-2.703001,23/deblurred/0.png
23/deblurred/6.png,6,-4.646454,23/deblurred/0.png
23/deblurred/7.png,7,-3.6831089999999995,23/deblurred/0.png
23/deblurred/8.png,8,-3.970876,23/deblurred/0.png
23/deblurred/9.png,9,-7.035566,23/deblurred/0.png
23/deblurred/10.png,10,-2.4656130000000003,23/deblurred/0.png
23/deblurred/11.png,11,-2.790044,23/deblurred/0.png
23/deblurred/12.png,12,-4.922932,23/deblurred/0.png
23/deblurred/13.png,13,-6.1519699999999995,23/deblurred/0.png
23/deblurred/14.png,14,-7.2930779999999995,23/deblurred/0.png
23/deblurred/15.png,15,-8.258947000000001,23/deblurred/0.png
23/deblurred/16.png,16,-2.849097,23/deblurred/0.png
23/deblurred/17.png,17,-3.839781,23/deblurred/0.png
23/deblurred/18.png,18,-6.784185000000001,23/deblurred/0.png
23/deblurred/19.png,19,-10.454564999999999,23/deblurred/0.png
23/deblurred/20.png,20,-9.962228,23/deblurred/0.png
23/deblurred/21.png,21,-10.278885,23/deblurred/0.png
23/deblurred/22.png,22,-10.304779,23/deblurred/0.png
23/deblurred/23.png,23,-10.293314,23/deblurred/0.png
23/deblurred/24.png,24,-10.197509,23/deblurred/0.png
23/deblurred/25.png,25,-5.769786,23/deblurred/0.png
23/deblurred/26.png,26,-5.548422,23/deblurred/0.png
23/deblurred/27.png,27,-7.8973759999999995,23/deblurred/0.png
23/deblurred/28.png,28,-3.423639,23/deblurred/0.png
23/deblurred/29.png,29,-3.231661,23/deblurred/0.png
23/deblurred/30.png,30,-5.273415,23/deblurred/0.png
24/deblurred/1.png,1,-2.146371,24/deblurred/0.png
24/deblurred/2.png,2,-3.8729,24/deblurred/0.png
24/deblurred/3.png,3,-5.281137999999999,24/deblurred/0.png
24/deblurred/4.png,4,-0.97283,24/deblurred/0.png
24/deblurred/5.png,5,-2.997366,24/deblurred/0.png
24/deblurred/6.png,6,-4.768635,24/deblurred/0.png
24/deblurred/7.png,7,-2.224942,24/deblurred/0.png
24/deblurred/8.png,8,-2.305413,24/deblurred/0.png
24/deblurred/9.png,9,-3.9665800000000004,24/deblurred/0.png
24/deblurred/10.png,10,-1.597516,24/deblurred/0.png
24/deblurred/11.png,11,-1.8326060000000002,24/deblurred/0.png
24/deblurred/12.png,12,-3.5568480000000005,24/deblurred/0.png
24/deblurred/13.png,13,-0.8478870000000001,24/deblurred/0.png
24/deblurred/14.png,14,-3.3252010000000003,24/deblurred/0.png
24/deblurred/15.png,15,-6.835522999999999,24/deblurred/0.png
24/deblurred/16.png,16,-1.437583,24/deblurred/0.png
24/deblurred/17.png,17,-3.01939,24/deblurred/0.png
24/deblurred/18.png,18,-5.949821,24/deblurred/0.png
24/deblurred/19.png,19,-4.143312,24/deblurred/0.png
24/deblurred/20.png,20,-4.817278,24/deblurred/0.png
24/deblurred/21.png,21,-7.224659,24/deblurred/0.png
24/deblurred/22.png,22,-3.873618,24/deblurred/0.png
24/deblurred/23.png,23,-5.002358,24/deblurred/0.png
24/deblurred/24.png,24,-7.656244999999999,24/deblurred/0.png
24/deblurred/25.png,25,-6.008262,24/deblurred/0.png
24/deblurred/26.png,26,-4.811557,24/deblurred/0.png
24/deblurred/27.png,27,-7.610239999999999,24/deblurred/0.png
24/deblurred/28.png,28,-2.898374,24/deblurred/0.png
24/deblurred/29.png,29,-3.7880160000000003,24/deblurred/0.png
24/deblurred/30.png,30,-7.585996000000001,24/deblurred/0.png
25/deblurred/1.png,1,-6.349724,25/deblurred/0.png
25/deblurred/2.png,2,-6.903533,25/deblurred/0.png
25/deblurred/3.png,3,-7.4046199999999995,25/deblurred/0.png
25/deblurred/4.png,4,-0.9906860000000001,25/deblurred/0.png
25/deblurred/5.png,5,-2.635379,25/deblurred/0.png
25/deblurred/6.png,6,-4.267189,25/deblurred/0.png
25/deblurred/7.png,7,-1.573696,25/deblurred/0.png
25/deblurred/8.png,8,-1.5875299999999999,25/deblurred/0.png
25/deblurred/9.png,9,-3.967194,25/deblurred/0.png
25/deblurred/10.png,10,-0.803446,25/deblurred/0.png
25/deblurred/11.png,11,-1.206089,25/deblurred/0.png
25/deblurred/12.png,12,-3.662784,25/deblurred/0.png
25/deblurred/13.png,13,-0.324925,25/deblurred/0.png
25/deblurred/14.png,14,-3.3027800000000003,25/deblurred/0.png
25/deblurred/15.png,15,-5.840180999999999,25/deblurred/0.png
25/deblurred/16.png,16,-3.7460400000000003,25/deblurred/0.png
25/deblurred/17.png,17,-5.220832,25/deblurred/0.png
25/deblurred/18.png,18,-6.47757,25/deblurred/0.png
25/deblurred/19.png,19,-2.1936709999999997,25/deblurred/0.png
25/deblurred/20.png,20,-3.498047,25/deblurred/0.png
25/deblurred/21.png,21,-9.781207,25/deblurred/0.png
25/deblurred/22.png,22,-8.127519,25/deblurred/0.png
25/deblurred/23.png,23,-7.538834,25/deblurred/0.png
25/deblurred/24.png,24,-10.796517999999999,25/deblurred/0.png
25/deblurred/25.png,25,-4.488284999999999,25/deblurred/0.png
25/deblurred/26.png,26,-5.802482,25/deblurred/0.png
25/deblurred/27.png,27,-6.034061,25/deblurred/0.png
25/deblurred/28.png,28,-3.9894410000000002,25/deblurred/0.png
25/deblurred/29.png,29,-4.385641000000001,25/deblurred/0.png
25/deblurred/30.png,30,-5.371791,25/deblurred/0.png
26/deblurred/1.png,1,-1.945718,26/deblurred/0.png
26/deblurred/2.png,2,-3.34168,26/deblurred/0.png
26/deblurred/3.png,3,-5.18686,26/deblurred/0.png
26/deblurred/4.png,4,-1.467969,26/deblurred/0.png
26/deblurred/5.png,5,-2.739116,26/deblurred/0.png
26/deblurred/6.png,6,-4.221336,26/deblurred/0.png
26/deblurred/7.png,7,-2.573795,26/deblurred/0.png
26/deblurred/8.png,8,-2.739012,26/deblurred/0.png
26/deblurred/9.png,9,-4.589149,26/deblurred/0.png
26/deblurred/10.png,10,-2.046164,26/deblurred/0.png
26/deblurred/11.png,11,-2.065398,26/deblurred/0.png
26/deblurred/12.png,12,-4.529698000000001,26/deblurred/0.png
26/deblurred/13.png,13,-1.5134809999999999,26/deblurred/0.png
26/deblurred/14.png,14,-3.644908,26/deblurred/0.png
26/deblurred/15.png,15,-6.218395,26/deblurred/0.png
26/deblurred/16.png,16,-1.199184,26/deblurred/0.png
26/deblurred/17.png,17,-2.470815,26/deblurred/0.png
26/deblurred/18.png,18,-5.345223000000001,26/deblurred/0.png
26/deblurred/19.png,19,-8.803939999999999,26/deblurred/0.png
26/deblurred/20.png,20,-9.029651,26/deblurred/0.png
26/deblurred/21.png,21,-9.238441,26/deblurred/0.png
26/deblurred/22.png,22,-9.221563,26/deblurred/0.png
26/deblurred/23.png,23,-8.988742,26/deblurred/0.png
26/deblurred/24.png,24,-8.830794000000001,26/deblurred/0.png
26/deblurred/25.png,25,-3.913682,26/deblurred/0.png
26/deblurred/26.png,26,-4.811689,26/deblurred/0.png
26/deblurred/27.png,27,-6.214263,26/deblurred/0.png
26/deblurred/28.png,28,-2.7245470000000003,26/deblurred/0.png
26/deblurred/29.png,29,-2.964922,26/deblurred/0.png
26/deblurred/30.png,30,-4.205337999999999,26/deblurred/0.png
27/deblurred/1.png,1,-3.9675190000000002,27/deblurred/0.png
27/deblurred/2.png,2,-5.255187,27/deblurred/0.png
27/deblurred/3.png,3,-6.765335,27/deblurred/0.png
27/deblurred/4.png,4,-1.973495,27/deblurred/0.png
27/deblurred/5.png,5,-3.8464150000000004,27/deblurred/0.png
27/deblurred/6.png,6,-5.8546309999999995,27/deblurred/0.png
27/deblurred/7.png,7,-3.404489,27/deblurred/0.png
27/deblurred/8.png,8,-4.048502,27/deblurred/0.png
27/deblurred/9.png,9,-6.3891,27/deblurred/0.png
27/deblurred/10.png,10,-2.564203,27/deblurred/0.png
27/deblurred/11.png,11,-2.881735,27/deblurred/0.png
27/deblurred/12.png,12,-4.616219999999999,27/deblurred/0.png
27/deblurred/13.png,13,-3.87505,27/deblurred/0.png
27/deblurred/14.png,14,-6.392589,27/deblurred/0.png
27/deblurred/15.png,15,-8.075714999999999,27/deblurred/0.png
27/deblurred/16.png,16,-2.829416,27/deblurred/0.png
27/deblurred/17.png,17,-4.526711,27/deblurred/0.png
27/deblurred/18.png,18,-7.355092999999999,27/deblurred/0.png
27/deblurred/19.png,19,-5.793062,27/deblurred/0.png
27/deblurred/20.png,20,-11.039598,27/deblurred/0.png
27/deblurred/21.png,21,-11.531074,27/deblurred/0.png
27/deblurred/22.png,22,-7.396382000000001,27/deblurred/0.png
27/deblurred/23.png,23,-6.957086,27/deblurred/0.png
27/deblurred/24.png,24,-8.053697999999999,27/deblurred/0.png
27/deblurred/25.png,25,-7.098032000000001,27/deblurred/0.png
27/deblurred/26.png,26,-7.671782,27/deblurred/0.png
27/deblurred/27.png,27,-8.938374000000001,27/deblurred/0.png
27/deblurred/28.png,28,-6.000621,27/deblurred/0.png
27/deblurred/29.png,29,-5.708608,27/deblurred/0.png
27/deblurred/30.png,30,-7.719614,27/deblurred/0.png
28/deblurred/1.png,1,-3.1839049999999998,28/deblurred/0.png
28/deblurred/2.png,2,-3.71119,28/deblurred/0.png
28/deblurred/3.png,3,-4.563495,28/deblurred/0.png
28/deblurred/4.png,4,-1.659673,28/deblurred/0.png
28/deblurred/5.png,5,-2.361231,28/deblurred/0.png
28/deblurred/6.png,6,-3.53389,28/deblurred/0.png
28/deblurred/7.png,7,-4.2583269999999995,28/deblurred/0.png
28/deblurred/8.png,8,-4.468726,28/deblurred/0.png
28/deblurred/9.png,9,-6.49949,28/deblurred/0.png
28/deblurred/10.png,10,-3.473179,28/deblurred/0.png
28/deblurred/11.png,11,-3.4955199999999995,28/deblurred/0.png
28/deblurred/12.png,12,-5.58066,28/deblurred/0.png
28/deblurred/13.png,13,-3.349334,28/deblurred/0.png
28/deblurred/14.png,14,-4.210125,28/deblurred/0.png
28/deblurred/15.png,15,-5.847045,28/deblurred/0.png
28/deblurred/16.png,16,-0.867557,28/deblurred/0.png
28/deblurred/17.png,17,-1.6438599999999999,28/deblurred/0.png
28/deblurred/18.png,18,-4.776776,28/deblurred/0.png
28/deblurred/19.png,19,-9.072234,28/deblurred/0.png
28/deblurred/20.png,20,-9.253331,28/deblurred/0.png
28/deblurred/21.png,21,-8.93748,28/deblurred/0.png
28/deblurred/22.png,22,-9.450142,28/deblurred/0.png
28/deblurred/23.png,23,-7.515591000000001,28/deblurred/0.png
28/deblurred/24.png,24,-9.054753,28/deblurred/0.png
28/deblurred/25.png,25,-4.604,28/deblurred/0.png
28/deblurred/26.png,26,-3.392607,28/deblurred/0.png
28/deblurred/27.png,27,-5.800541,28/deblurred/0.png
28/deblurred/28.png,28,-2.1380310000000002,28/deblurred/0.png
28/deblurred/29.png,29,-2.22925,28/deblurred/0.png
28/deblurred/30.png,30,-3.188685,28/deblurred/0.png
29/deblurred/1.png,1,-1.766447,29/deblurred/0.png
29/deblurred/2.png,2,-4.609414,29/deblurred/0.png
29/deblurred/3.png,3,-6.883686999999999,29/deblurred/0.png
29/deblurred/4.png,4,-0.566924,29/deblurred/0.png
29/deblurred/5.png,5,-3.370268,29/deblurred/0.png
29/deblurred/6.png,6,-5.51556,29/deblurred/0.png
29/deblurred/7.png,7,-4.562091000000001,29/deblurred/0.png
29/deblurred/8.png,8,-4.852204,29/deblurred/0.png
29/deblurred/9.png,9,-8.137229,29/deblurred/0.png
29/deblurred/10.png,10,-2.564833,29/deblurred/0.png
29/deblurred/11.png,11,-2.892277,29/deblurred/0.png
29/deblurred/12.png,12,-6.199959,29/deblurred/0.png
29/deblurred/13.png,13,-8.629017999999999,29/deblurred/0.png
29/deblurred/14.png,14,-6.595292,29/deblurred/0.png
29/deblurred/15.png,15,-10.507392,29/deblurred/0.png
29/deblurred/16.png,16,-2.37712,29/deblurred/0.png
29/deblurred/17.png,17,-4.218603,29/deblurred/0.png
29/deblurred/18.png,18,-6.637088,29/deblurred/0.png
29/deblurred/19.png,19,-4.223953,29/deblurred/0.png
29/deblurred/20.png,20,-10.964461,29/deblurred/0.png
29/deblurred/21.png,21,-10.833135,29/deblurred/0.png
29/deblurred/22.png,22,-2.791776,29/deblurred/0.png
29/deblurred/23.png,23,-11.080307000000001,29/deblurred/0.png
29/deblurred/24.png,24,-11.466544,29/deblurred/0.png
29/deblurred/25.png,25,-4.919097,29/deblurred/0.png
29/deblurred/26.png,26,-5.643846,29/deblurred/0.png
29/deblurred/27.png,27,-7.828625,29/deblurred/0.png
29/deblurred/28.png,28,-2.472545,29/deblurred/0.png
29/deblurred/29.png,29,-4.30973,29/deblurred/0.png
29/deblurred/30.png,30,-8.096384,29/deblurred/0.png
30/deblurred/1.png,1,-1.640754,30/deblurred/0.png
30/deblurred/2.png,2,-3.052499,30/deblurred/0.png
30/deblurred/3.png,3,-4.1302080000000005,30/deblurred/0.png
30/deblurred/4.png,4,-0.687992,30/deblurred/0.png
30/deblurred/5.png,5,-2.2396689999999997,30/deblurred/0.png
30/deblurred/6.png,6,-3.783736,30/deblurred/0.png
30/deblurred/7.png,7,-2.411047,30/deblurred/0.png
30/deblurred/8.png,8,-2.7730799999999998,30/deblurred/0.png
30/deblurred/9.png,9,-5.417135,30/deblurred/0.png
30/deblurred/10.png,10,-1.605552,30/deblurred/0.png
30/deblurred/11.png,11,-1.6996,30/deblurred/0.png
30/deblurred/12.png,12,-4.61435,30/deblurred/0.png
30/deblurred/13.png,13,-7.238324,30/deblurred/0.png
30/deblurred/14.png,14,-6.879772,30/deblurred/0.png
30/deblurred/15.png,15,-6.061122,30/deblurred/0.png
30/deblurred/16.png,16,-2.190213,30/deblurred/0.png
30/deblurred/17.png,17,-2.973552,30/deblurred/0.png
30/deblurred/18.png,18,-5.1301309999999996,30/deblurred/0.png
30/deblurred/19.png,19,-9.401086,30/deblurred/0.png
30/deblurred/20.png,20,-5.952954,30/deblurred/0.png
30/deblurred/21.png,21,-10.06188,30/deblurred/0.png
30/deblurred/22.png,22,-10.171967,30/deblurred/0.png
30/deblurred/23.png,23,-10.061665,30/deblurred/0.png
30/deblurred/24.png,24,-10.098059,30/deblurred/0.png
30/deblurred/25.png,25,-3.3280760000000003,30/deblurred/0.png
30/deblurred/26.png,26,-3.7698480000000005,30/deblurred/0.png
30/deblurred/27.png,27,-5.066925,30/deblurred/0.png
30/deblurred/28.png,28,-1.29667,30/deblurred/0.png
30/deblurred/29.png,29,-1.801066,30/deblurred/0.png
30/deblurred/30.png,30,-3.655015,30/deblurred/0.png
31/deblurred/1.png,1,-2.5775040000000002,31/deblurred/0.png
31/deblurred/2.png,2,-4.45274,31/deblurred/0.png
31/deblurred/3.png,3,-6.249087,31/deblurred/0.png
31/deblurred/4.png,4,-1.220472,31/deblurred/0.png
31/deblurred/5.png,5,-3.6293,31/deblurred/0.png
31/deblurred/6.png,6,-5.596581,31/deblurred/0.png
31/deblurred/7.png,7,-4.231342,31/deblurred/0.png
31/deblurred/8.png,8,-4.557482,31/deblurred/0.png
31/deblurred/9.png,9,-7.823192,31/deblurred/0.png
31/deblurred/10.png,10,-2.624339,31/deblurred/0.png
31/deblurred/11.png,11,-2.5577650000000003,31/deblurred/0.png
31/deblurred/12.png,12,-6.122001,31/deblurred/0.png
31/deblurred/13.png,13,-8.868152,31/deblurred/0.png
31/deblurred/14.png,14,-4.733358,31/deblurred/0.png
31/deblurred/15.png,15,-7.559528,31/deblurred/0.png
31/deblurred/16.png,16,-1.7044110000000001,31/deblurred/0.png
31/deblurred/17.png,17,-3.525314,31/deblurred/0.png
31/deblurred/18.png,18,-6.8739490000000005,31/deblurred/0.png
31/deblurred/19.png,19,-3.559424,31/deblurred/0.png
31/deblurred/20.png,20,-8.416518,31/deblurred/0.png
31/deblurred/21.png,21,-13.118835,31/deblurred/0.png
31/deblurred/22.png,22,-10.342067,31/deblurred/0.png
31/deblurred/23.png,23,-11.906649,31/deblurred/0.png
31/deblurred/24.png,24,-12.574684,31/deblurred/0.png
31/deblurred/25.png,25,-5.39432,31/deblurred/0.png
31/deblurred/26.png,26,-5.601172,31/deblurred/0.png
31/deblurred/27.png,27,-7.760928999999999,31/deblurred/0.png
31/deblurred/28.png,28,-3.476579,31/deblurred/0.png
31/deblurred/29.png,29,-3.1907229999999998,31/deblurred/0.png
31/deblurred/30.png,30,-5.626661,31/deblurred/0.png
32/deblurred/1.png,1,-3.991053,32/deblurred/0.png
32/deblurred/2.png,2,-5.489294,32/deblurred/0.png
32/deblurred/3.png,3,-7.38745,32/deblurred/0.png
32/deblurred/4.png,4,-1.408962,32/deblurred/0.png
32/deblurred/5.png,5,-4.3380019999999995,32/deblurred/0.png
32/deblurred/6.png,6,-6.151166,32/deblurred/0.png
32/deblurred/7.png,7,-2.454157,32/deblurred/0.png
32/deblurred/8.png,8,-2.898083,32/deblurred/0.png
32/deblurred/9.png,9,-7.1543410000000005,32/deblurred/0.png
32/deblurred/10.png,10,-1.213406,32/deblurred/0.png
32/deblurred/11.png,11,-1.634895,32/deblurred/0.png
32/deblurred/12.png,12,-4.265701,32/deblurred/0.png
32/deblurred/13.png,13,-2.5716189999999997,32/deblurred/0.png
32/deblurred/14.png,14,-5.923821,32/deblurred/0.png
32/deblurred/15.png,15,-8.963643,32/deblurred/0.png
32/deblurred/16.png,16,-2.351539,32/deblurred/0.png
32/deblurred/17.png,17,-3.9523019999999995,32/deblurred/0.png
32/deblurred/18.png,18,-7.28113,32/deblurred/0.png
32/deblurred/19.png,19,-6.090232,32/deblurred/0.png
32/deblurred/20.png,20,-7.925802,32/deblurred/0.png
32/deblurred/21.png,21,-11.553647999999999,32/deblurred/0.png
32/deblurred/22.png,22,-5.166462,32/deblurred/0.png
32/deblurred/23.png,23,-12.115056,32/deblurred/0.png
32/deblurred/24.png,24,-11.948469000000001,32/deblurred/0.png
32/deblurred/25.png,25,-7.170317,32/deblurred/0.png
32/deblurred/26.png,26,-7.494646,32/deblurred/0.png
32/deblurred/27.png,27,-8.891563,32/deblurred/0.png
32/deblurred/28.png,28,-5.690583,32/deblurred/0.png
32/deblurred/29.png,29,-5.005744,32/deblurred/0.png
32/deblurred/30.png,30,-6.538254,32/deblurred/0.png
33/deblurred/1.png,1,-3.425704,33/deblurred/0.png
33/deblurred/2.png,2,-4.516475,33/deblurred/0.png
33/deblurred/3.png,3,-6.247903,33/deblurred/0.png
33/deblurred/4.png,4,-2.054211,33/deblurred/0.png
33/deblurred/5.png,5,-3.483713,33/deblurred/0.png
33/deblurred/6.png,6,-5.334251999999999,33/deblurred/0.png
33/deblurred/7.png,7,-2.743958,33/deblurred/0.png
33/deblurred/8.png,8,-3.39126,33/deblurred/0.png
33/deblurred/9.png,9,-7.38554,33/deblurred/0.png
33/deblurred/10.png,10,-1.8335,33/deblurred/0.png
33/deblurred/11.png,11,-2.003139,33/deblurred/0.png
33/deblurred/12.png,12,-5.674533,33/deblurred/0.png
33/deblurred/13.png,13,-1.594282,33/deblurred/0.png
33/deblurred/14.png,14,-4.800375,33/deblurred/0.png
33/deblurred/15.png,15,-7.7577169999999995,33/deblurred/0.png
33/deblurred/16.png,16,-2.102595,33/deblurred/0.png
33/deblurred/17.png,17,-3.7245449999999996,33/deblurred/0.png
33/deblurred/18.png,18,-6.647303999999999,33/deblurred/0.png
33/deblurred/19.png,19,-11.366178999999999,33/deblurred/0.png
33/deblurred/20.png,20,-11.927022000000001,33/deblurred/0.png
33/deblurred/21.png,21,-11.489624000000001,33/deblurred/0.png
33/deblurred/22.png,22,-11.569552999999999,33/deblurred/0.png
33/deblurred/23.png,23,-11.418494,33/deblurred/0.png
33/deblurred/24.png,24,-11.430886,33/deblurred/0.png
33/deblurred/25.png,25,-6.08749,33/deblurred/0.png
33/deblurred/26.png,26,-6.776782000000001,33/deblurred/0.png
33/deblurred/27.png,27,-8.665899000000001,33/deblurred/0.png
33/deblurred/28.png,28,-3.209606,33/deblurred/0.png
33/deblurred/29.png,29,-3.5027730000000004,33/deblurred/0.png
33/deblurred/30.png,30,-5.617843,33/deblurred/0.png
34/deblurred/1.png,1,-2.76491,34/deblurred/0.png
34/deblurred/2.png,2,-4.466379,34/deblurred/0.png
34/deblurred/3.png,3,-7.667649000000001,34/deblurred/0.png
34/deblurred/4.png,4,-0.7269329999999999,34/deblurred/0.png
34/deblurred/5.png,5,-3.245746,34/deblurred/0.png
34/deblurred/6.png,6,-5.603036,34/deblurred/0.png
34/deblurred/7.png,7,-6.559517,34/deblurred/0.png
34/deblurred/8.png,8,-6.531016999999999,34/deblurred/0.png
34/deblurred/9.png,9,-7.457151,34/deblurred/0.png
34/deblurred/10.png,10,-2.624653,34/deblurred/0.png
34/deblurred/11.png,11,-2.7605419999999996,34/deblurred/0.png
34/deblurred/12.png,12,-4.143129,34/deblurred/0.png
34/deblurred/13.png,13,-4.9838309999999995,34/deblurred/0.png
34/deblurred/14.png,14,-6.633442,34/deblurred/0.png
34/deblurred/15.png,15,-9.074917,34/deblurred/0.png
34/deblurred/16.png,16,-2.007834,34/deblurred/0.png
34/deblurred/17.png,17,-3.998012,34/deblurred/0.png
34/deblurred/18.png,18,-6.389499,34/deblurred/0.png
34/deblurred/19.png,19,-11.623122,34/deblurred/0.png
34/deblurred/20.png,20,-9.225019,34/deblurred/0.png
34/deblurred/21.png,21,-11.51693,34/deblurred/0.png
34/deblurred/22.png,22,-6.422415,34/deblurred/0.png
34/deblurred/23.png,23,-12.255017,34/deblurred/0.png
34/deblurred/24.png,24,-11.828679,34/deblurred/0.png
34/deblurred/25.png,25,-2.956731,34/deblurred/0.png
34/deblurred/26.png,26,-4.879742,34/deblurred/0.png
34/deblurred/27.png,27,-6.996230000000001,34/deblurred/0.png
34/deblurred/28.png,28,-1.784789,34/deblurred/0.png
34/deblurred/29.png,29,-3.6385,34/deblurred/0.png
34/deblurred/30.png,30,-5.435512,34/deblurred/0.png
35/deblurred/1.png,1,-3.347572,35/deblurred/0.png
35/deblurred/2.png,2,-4.275078,35/deblurred/0.png
35/deblurred/3.png,3,-5.6774,35/deblurred/0.png
35/deblurred/4.png,4,-1.074594,35/deblurred/0.png
35/deblurred/5.png,5,-3.187887,35/deblurred/0.png
35/deblurred/6.png,6,-4.574341,35/deblurred/0.png
35/deblurred/7.png,7,-3.71769,35/deblurred/0.png
35/deblurred/8.png,8,-3.662696,35/deblurred/0.png
35/deblurred/9.png,9,-5.796943,35/deblurred/0.png
35/deblurred/10.png,10,-2.211748,35/deblurred/0.png
35/deblurred/11.png,11,-2.811641,35/deblurred/0.png
35/deblurred/12.png,12,-4.882898,35/deblurred/0.png
35/deblurred/13.png,13,-8.016138,35/deblurred/0.png
35/deblurred/14.png,14,-8.480388,35/deblurred/0.png
35/deblurred/15.png,15,-9.0623,35/deblurred/0.png
35/deblurred/16.png,16,-1.6947709999999998,35/deblurred/0.png
35/deblurred/17.png,17,-3.125484,35/deblurred/0.png
35/deblurred/18.png,18,-5.663986,35/deblurred/0.png
35/deblurred/19.png,19,-6.333497,35/deblurred/0.png
35/deblurred/20.png,20,-12.746478999999999,35/deblurred/0.png
35/deblurred/21.png,21,-12.336097,35/deblurred/0.png
35/deblurred/22.png,22,-7.290891,35/deblurred/0.png
35/deblurred/23.png,23,-9.746233,35/deblurred/0.png
35/deblurred/24.png,24,-13.181672,35/deblurred/0.png
35/deblurred/25.png,25,-7.0315,35/deblurred/0.png
35/deblurred/26.png,26,-5.103957,35/deblurred/0.png
35/deblurred/27.png,27,-9.210084,35/deblurred/0.png
35/deblurred/28.png,28,-3.095319,35/deblurred/0.png
35/deblurred/29.png,29,-5.15909,35/deblurred/0.png
35/deblurred/30.png,30,-6.581139,35/deblurred/0.png
36/deblurred/1.png,1,-3.587136,36/deblurred/0.png
36/deblurred/2.png,2,-4.96361,36/deblurred/0.png
36/deblurred/3.png,3,-6.510736,36/deblurred/0.png
36/deblurred/4.png,4,-1.073269,36/deblurred/0.png
36/deblurred/5.png,5,-3.68245,36/deblurred/0.png
36/deblurred/6.png,6,-5.381978,36/deblurred/0.png
36/deblurred/7.png,7,-2.866268,36/deblurred/0.png
36/deblurred/8.png,8,-3.7256410000000004,36/deblurred/0.png
36/deblurred/9.png,9,-6.929479,36/deblurred/0.png
36/deblurred/10.png,10,-2.483139,36/deblurred/0.png
36/deblurred/11.png,11,-3.13131,36/deblurred/0.png
36/deblurred/12.png,12,-6.185681,36/deblurred/0.png
36/deblurred/13.png,13,-1.893574,36/deblurred/0.png
36/deblurred/14.png,14,-5.108182,36/deblurred/0.png
36/deblurred/15.png,15,-7.577622,36/deblurred/0.png
36/deblurred/16.png,16,-0.665404,36/deblurred/0.png
36/deblurred/17.png,17,-2.718432,36/deblurred/0.png
36/deblurred/18.png,18,-5.868005999999999,36/deblurred/0.png
36/deblurred/19.png,19,-5.3185519999999995,36/deblurred/0.png
36/deblurred/20.png,20,-9.887255,36/deblurred/0.png
36/deblurred/21.png,21,-11.056546,36/deblurred/0.png
36/deblurred/22.png,22,-9.524017,36/deblurred/0.png
36/deblurred/23.png,23,-9.548003,36/deblurred/0.png
36/deblurred/24.png,24,-10.89204,36/deblurred/0.png
36/deblurred/25.png,25,-5.550705000000001,36/deblurred/0.png
36/deblurred/26.png,26,-6.45146,36/deblurred/0.png
36/deblurred/27.png,27,-8.706942,36/deblurred/0.png
36/deblurred/28.png,28,-2.649085,36/deblurred/0.png
36/deblurred/29.png,29,-3.3245709999999997,36/deblurred/0.png
36/deblurred/30.png,30,-7.225663000000001,36/deblurred/0.png
37/deblurred/1.png,1,-3.317099,37/deblurred/0.png
37/deblurred/2.png,2,-4.818925,37/deblurred/0.png
37/deblurred/3.png,3,-6.720604,37/deblurred/0.png
37/deblurred/4.png,4,-1.510572,37/deblurred/0.png
37/deblurred/5.png,5,-3.668932,37/deblurred/0.png
37/deblurred/6.png,6,-5.5289,37/deblurred/0.png
37/deblurred/7.png,7,-4.394665,37/deblurred/0.png
37/deblurred/8.png,8,-4.666296,37/deblurred/0.png
37/deblurred/9.png,9,-7.9147240000000005,37/deblurred/0.png
37/deblurred/10.png,10,-2.999201,37/deblurred/0.png
37/deblurred/11.png,11,-3.012251,37/deblurred/0.png
37/deblurred/12.png,12,-6.871571,37/deblurred/0.png
37/deblurred/13.png,13,-1.176396,37/deblurred/0.png
37/deblurred/14.png,14,-4.499048,37/deblurred/0.png
37/deblurred/15.png,15,-7.771688,37/deblurred/0.png
37/deblurred/16.png,16,-2.426155,37/deblurred/0.png
37/deblurred/17.png,17,-4.201585,37/deblurred/0.png
37/deblurred/18.png,18,-6.926196000000001,37/deblurred/0.png
37/deblurred/19.png,19,-8.003621,37/deblurred/0.png
37/deblurred/20.png,20,-10.116874000000001,37/deblurred/0.png
37/deblurred/21.png,21,-12.100545,37/deblurred/0.png
37/deblurred/22.png,22,-12.092353999999998,37/deblurred/0.png
37/deblurred/23.png,23,-12.493039999999999,37/deblurred/0.png
37/deblurred/24.png,24,-12.476114,37/deblurred/0.png
37/deblurred/25.png,25,-6.831639,37/deblurred/0.png
37/deblurred/26.png,26,-6.900894,37/deblurred/0.png
37/deblurred/27.png,27,-9.353609,37/deblurred/0.png
37/deblurred/28.png,28,-5.47825,37/deblurred/0.png
37/deblurred/29.png,29,-3.9275230000000003,37/deblurred/0.png
37/deblurred/30.png,30,-5.467925,37/deblurred/0.png
38/deblurred/1.png,1,-3.3277300000000003,38/deblurred/0.png
38/deblurred/2.png,2,-4.949004,38/deblurred/0.png
38/deblurred/3.png,3,-6.750411,38/deblurred/0.png
38/deblurred/4.png,4,-1.575858,38/deblurred/0.png
38/deblurred/5.png,5,-3.660051,38/deblurred/0.png
38/deblurred/6.png,6,-5.109230999999999,38/deblurred/0.png
38/deblurred/7.png,7,-3.128048,38/deblurred/0.png
38/deblurred/8.png,8,-3.691157,38/deblurred/0.png
38/deblurred/9.png,9,-7.177771000000001,38/deblurred/0.png
38/deblurred/10.png,10,-2.383812,38/deblurred/0.png
38/deblurred/11.png,11,-2.9157740000000003,38/deblurred/0.png
38/deblurred/12.png,12,-5.950917,38/deblurred/0.png
38/deblurred/13.png,13,-3.029992,38/deblurred/0.png
38/deblurred/14.png,14,-8.901391,38/deblurred/0.png
38/deblurred/15.png,15,-9.859142,38/deblurred/0.png
38/deblurred/16.png,16,-3.604858,38/deblurred/0.png
38/deblurred/17.png,17,-4.4536489999999995,38/deblurred/0.png
38/deblurred/18.png,18,-6.669648,38/deblurred/0.png
38/deblurred/19.png,19,-12.229528,38/deblurred/0.png
38/deblurred/20.png,20,-12.287863,38/deblurred/0.png
38/deblurred/21.png,21,-12.185642,38/deblurred/0.png
38/deblurred/22.png,22,-12.185641,38/deblurred/0.png
38/deblurred/23.png,23,-12.228788,38/deblurred/0.png
38/deblurred/24.png,24,-12.171076,38/deblurred/0.png
38/deblurred/25.png,25,-6.128122,38/deblurred/0.png
38/deblurred/26.png,26,-8.192997,38/deblurred/0.png
38/deblurred/27.png,27,-8.87251,38/deblurred/0.png
38/deblurred/28.png,28,-3.716707,38/deblurred/0.png
38/deblurred/29.png,29,-4.760936,38/deblurred/0.png
38/deblurred/30.png,30,-6.227364,38/deblurred/0.png
39/deblurred/1.png,1,-2.851218,39/deblurred/0.png
39/deblurred/2.png,2,-4.3479790000000005,39/deblurred/0.png
39/deblurred/3.png,3,-6.5167019999999996,39/deblurred/0.png
39/deblurred/4.png,4,-1.7932869999999999,39/deblurred/0.png
39/deblurred/5.png,5,-3.4674,39/deblurred/0.png
39/deblurred/6.png,6,-5.347117,39/deblurred/0.png
39/deblurred/7.png,7,-3.121341,39/deblurred/0.png
39/deblurred/8.png,8,-3.3482260000000004,39/deblurred/0.png
39/deblurred/9.png,9,-8.23489,39/deblurred/0.png
39/deblurred/10.png,10,-2.240091,39/deblurred/0.png
39/deblurred/11.png,11,-2.584932,39/deblurred/0.png
39/deblurred/12.png,12,-6.409341,39/deblurred/0.png
39/deblurred/13.png,13,-7.207248,39/deblurred/0.png
39/deblurred/14.png,14,-4.742629,39/deblurred/0.png
39/deblurred/15.png,15,-9.315474,39/deblurred/0.png
39/deblurred/16.png,16,-1.8668080000000002,39/deblurred/0.png
39/deblurred/17.png,17,-3.4716139999999998,39/deblurred/0.png
39/deblurred/18.png,18,-5.763953,39/deblurred/0.png
39/deblurred/19.png,19,-12.137528999999999,39/deblurred/0.png
39/deblurred/20.png,20,-11.117198,39/deblurred/0.png
39/deblurred/21.png,21,-12.010775,39/deblurred/0.png
39/deblurred/22.png,22,-12.139167,39/deblurred/0.png
39/deblurred/23.png,23,-9.730708,39/deblurred/0.png
39/deblurred/24.png,24,-11.960992999999998,39/deblurred/0.png
39/deblurred/25.png,25,-3.04343,39/deblurred/0.png
39/deblurred/26.png,26,-7.612373,39/deblurred/0.png
39/deblurred/27.png,27,-8.015599,39/deblurred/0.png
39/deblurred/28.png,28,-4.051383,39/deblurred/0.png
39/deblurred/29.png,29,-4.730355,39/deblurred/0.png
39/deblurred/30.png,30,-6.835177000000001,39/deblurred/0.png
