fpath,img,dist,ver,mos,ref_img
super-resolved_images/img01_4_01.bmp,IMG01,4,01,0.05504,source_images/img01.bmp
super-resolved_images/img01_2_16.bmp,IMG01,2,16,0.95704,source_images/img01.bmp
super-resolved_images/img01_4_07.bmp,IMG01,4,07,0.32439,source_images/img01.bmp
super-resolved_images/img01_3_18.bmp,IMG01,3,18,0.7398,source_images/img01.bmp
super-resolved_images/img01_3_01.bmp,IMG01,3,01,0.16693,source_images/img01.bmp
super-resolved_images/img01_2_11.bmp,IMG01,2,11,0.87093,source_images/img01.bmp
super-resolved_images/img01_3_11.bmp,IMG01,3,11,0.2815,source_images/img01.bmp
super-resolved_images/img01_4_20.bmp,IMG01,4,20,0.5564899999999999,source_images/img01.bmp
super-resolved_images/img01_4_03.bmp,IMG01,4,03,0.15295,source_images/img01.bmp
super-resolved_images/img01_2_08.bmp,IMG01,2,08,0.9239299999999999,source_images/img01.bmp
super-resolved_images/img01_3_04.bmp,IMG01,3,04,0.29622,source_images/img01.bmp
super-resolved_images/img01_3_19.bmp,IMG01,3,19,0.76297,source_images/img01.bmp
super-resolved_images/img01_4_13.bmp,IMG01,4,13,0.39949,source_images/img01.bmp
super-resolved_images/img01_4_17.bmp,IMG01,4,17,0.66468,source_images/img01.bmp
super-resolved_images/img01_4_21.bmp,IMG01,4,21,0.5149,source_images/img01.bmp
super-resolved_images/img01_4_18.bmp,IMG01,4,18,0.48541000000000006,source_images/img01.bmp
super-resolved_images/img01_4_04.bmp,IMG01,4,04,0.0915,source_images/img01.bmp
super-resolved_images/img01_2_20.bmp,IMG01,2,20,0.93589,source_images/img01.bmp
super-resolved_images/img01_4_02.bmp,IMG01,4,02,0.15922,source_images/img01.bmp
super-resolved_images/img01_2_17.bmp,IMG01,2,17,0.9109700000000001,source_images/img01.bmp
super-resolved_images/img01_4_06.bmp,IMG01,4,06,0.25814000000000004,source_images/img01.bmp
super-resolved_images/img01_3_16.bmp,IMG01,3,16,0.73685,source_images/img01.bmp
super-resolved_images/img01_4_09.bmp,IMG01,4,09,0.32138,source_images/img01.bmp
super-resolved_images/img01_3_12.bmp,IMG01,3,12,0.64127,source_images/img01.bmp
super-resolved_images/img01_3_03.bmp,IMG01,3,03,0.43351000000000006,source_images/img01.bmp
super-resolved_images/img01_3_09.bmp,IMG01,3,09,0.63031,source_images/img01.bmp
super-resolved_images/img01_4_14.bmp,IMG01,4,14,0.35834,source_images/img01.bmp
super-resolved_images/img01_3_06.bmp,IMG01,3,06,0.5603899999999999,source_images/img01.bmp
super-resolved_images/img01_2_01.bmp,IMG01,2,01,0.43975,source_images/img01.bmp
super-resolved_images/img01_2_10.bmp,IMG01,2,10,0.7721,source_images/img01.bmp
super-resolved_images/img01_4_05.bmp,IMG01,4,05,0.03626,source_images/img01.bmp
super-resolved_images/img01_2_06.bmp,IMG01,2,06,0.88071,source_images/img01.bmp
super-resolved_images/img01_4_11.bmp,IMG01,4,11,0.1175,source_images/img01.bmp
super-resolved_images/img01_2_13.bmp,IMG01,2,13,0.90601,source_images/img01.bmp
super-resolved_images/img01_4_15.bmp,IMG01,4,15,0.25139,source_images/img01.bmp
super-resolved_images/img01_2_09.bmp,IMG01,2,09,0.81085,source_images/img01.bmp
super-resolved_images/img01_3_05.bmp,IMG01,3,05,0.18435,source_images/img01.bmp
super-resolved_images/img01_3_14.bmp,IMG01,3,14,0.6865600000000001,source_images/img01.bmp
super-resolved_images/img01_4_08.bmp,IMG01,4,08,0.40084000000000003,source_images/img01.bmp
super-resolved_images/img01_2_02.bmp,IMG01,2,02,0.77183,source_images/img01.bmp
super-resolved_images/img01_3_02.bmp,IMG01,3,02,0.39635,source_images/img01.bmp
super-resolved_images/img01_2_05.bmp,IMG01,2,05,0.66277,source_images/img01.bmp
super-resolved_images/img01_3_07.bmp,IMG01,3,07,0.5795399999999999,source_images/img01.bmp
super-resolved_images/img01_4_19.bmp,IMG01,4,19,0.39443,source_images/img01.bmp
super-resolved_images/img01_4_16.bmp,IMG01,4,16,0.4447,source_images/img01.bmp
super-resolved_images/img01_3_08.bmp,IMG01,3,08,0.65652,source_images/img01.bmp
super-resolved_images/img01_2_15.bmp,IMG01,2,15,0.72696,source_images/img01.bmp
super-resolved_images/img01_3_10.bmp,IMG01,3,10,0.11158,source_images/img01.bmp
super-resolved_images/img01_4_10.bmp,IMG01,4,10,0.03598,source_images/img01.bmp
super-resolved_images/img02_4_01.bmp,IMG02,4,01,0.03304,source_images/img02.bmp
super-resolved_images/img02_2_16.bmp,IMG02,2,16,0.93985,source_images/img02.bmp
super-resolved_images/img02_4_07.bmp,IMG02,4,07,0.35557,source_images/img02.bmp
super-resolved_images/img02_3_18.bmp,IMG02,3,18,0.67233,source_images/img02.bmp
super-resolved_images/img02_3_01.bmp,IMG02,3,01,0.15388,source_images/img02.bmp
super-resolved_images/img02_2_11.bmp,IMG02,2,11,0.9318,source_images/img02.bmp
super-resolved_images/img02_3_11.bmp,IMG02,3,11,0.35806,source_images/img02.bmp
super-resolved_images/img02_4_20.bmp,IMG02,4,20,0.53465,source_images/img02.bmp
super-resolved_images/img02_4_03.bmp,IMG02,4,03,0.13129000000000002,source_images/img02.bmp
super-resolved_images/img02_2_08.bmp,IMG02,2,08,0.8999,source_images/img02.bmp
super-resolved_images/img02_3_04.bmp,IMG02,3,04,0.3108,source_images/img02.bmp
super-resolved_images/img02_3_19.bmp,IMG02,3,19,0.6573100000000001,source_images/img02.bmp
super-resolved_images/img02_4_13.bmp,IMG02,4,13,0.34867,source_images/img02.bmp
super-resolved_images/img02_4_17.bmp,IMG02,4,17,0.68718,source_images/img02.bmp
super-resolved_images/img02_4_21.bmp,IMG02,4,21,0.6299600000000001,source_images/img02.bmp
super-resolved_images/img02_4_18.bmp,IMG02,4,18,0.4779,source_images/img02.bmp
super-resolved_images/img02_4_04.bmp,IMG02,4,04,0.0671,source_images/img02.bmp
super-resolved_images/img02_2_20.bmp,IMG02,2,20,0.88792,source_images/img02.bmp
super-resolved_images/img02_4_02.bmp,IMG02,4,02,0.12575999999999998,source_images/img02.bmp
super-resolved_images/img02_2_17.bmp,IMG02,2,17,0.94586,source_images/img02.bmp
super-resolved_images/img02_4_06.bmp,IMG02,4,06,0.20194,source_images/img02.bmp
super-resolved_images/img02_3_16.bmp,IMG02,3,16,0.70139,source_images/img02.bmp
super-resolved_images/img02_4_09.bmp,IMG02,4,09,0.29311,source_images/img02.bmp
super-resolved_images/img02_3_12.bmp,IMG02,3,12,0.61429,source_images/img02.bmp
super-resolved_images/img02_3_03.bmp,IMG02,3,03,0.39484,source_images/img02.bmp
super-resolved_images/img02_3_09.bmp,IMG02,3,09,0.61935,source_images/img02.bmp
super-resolved_images/img02_4_14.bmp,IMG02,4,14,0.35578000000000004,source_images/img02.bmp
super-resolved_images/img02_3_06.bmp,IMG02,3,06,0.56916,source_images/img02.bmp
super-resolved_images/img02_2_01.bmp,IMG02,2,01,0.41984,source_images/img02.bmp
super-resolved_images/img02_2_10.bmp,IMG02,2,10,0.7346699999999999,source_images/img02.bmp
super-resolved_images/img02_4_05.bmp,IMG02,4,05,0.04208,source_images/img02.bmp
super-resolved_images/img02_2_06.bmp,IMG02,2,06,0.89176,source_images/img02.bmp
super-resolved_images/img02_4_11.bmp,IMG02,4,11,0.10076,source_images/img02.bmp
super-resolved_images/img02_2_13.bmp,IMG02,2,13,0.89143,source_images/img02.bmp
super-resolved_images/img02_4_15.bmp,IMG02,4,15,0.21043,source_images/img02.bmp
super-resolved_images/img02_2_09.bmp,IMG02,2,09,0.81567,source_images/img02.bmp
super-resolved_images/img02_3_05.bmp,IMG02,3,05,0.17543,source_images/img02.bmp
super-resolved_images/img02_3_14.bmp,IMG02,3,14,0.6843899999999999,source_images/img02.bmp
super-resolved_images/img02_4_08.bmp,IMG02,4,08,0.33743,source_images/img02.bmp
super-resolved_images/img02_2_02.bmp,IMG02,2,02,0.792,source_images/img02.bmp
super-resolved_images/img02_3_02.bmp,IMG02,3,02,0.39553,source_images/img02.bmp
super-resolved_images/img02_2_05.bmp,IMG02,2,05,0.6942,source_images/img02.bmp
super-resolved_images/img02_3_07.bmp,IMG02,3,07,0.6040800000000001,source_images/img02.bmp
super-resolved_images/img02_4_19.bmp,IMG02,4,19,0.38773,source_images/img02.bmp
super-resolved_images/img02_4_16.bmp,IMG02,4,16,0.42233000000000004,source_images/img02.bmp
super-resolved_images/img02_3_08.bmp,IMG02,3,08,0.66937,source_images/img02.bmp
super-resolved_images/img02_2_15.bmp,IMG02,2,15,0.73863,source_images/img02.bmp
super-resolved_images/img02_3_10.bmp,IMG02,3,10,0.27,source_images/img02.bmp
super-resolved_images/img02_4_10.bmp,IMG02,4,10,0.09132,source_images/img02.bmp
super-resolved_images/img03_4_01.bmp,IMG03,4,01,0.07032000000000001,source_images/img03.bmp
super-resolved_images/img03_2_16.bmp,IMG03,2,16,0.96796,source_images/img03.bmp
super-resolved_images/img03_4_07.bmp,IMG03,4,07,0.36799,source_images/img03.bmp
super-resolved_images/img03_3_18.bmp,IMG03,3,18,0.8073100000000001,source_images/img03.bmp
super-resolved_images/img03_3_01.bmp,IMG03,3,01,0.24649000000000001,source_images/img03.bmp
super-resolved_images/img03_2_11.bmp,IMG03,2,11,0.8822,source_images/img03.bmp
super-resolved_images/img03_3_11.bmp,IMG03,3,11,0.3632,source_images/img03.bmp
super-resolved_images/img03_4_20.bmp,IMG03,4,20,0.57031,source_images/img03.bmp
super-resolved_images/img03_4_03.bmp,IMG03,4,03,0.17335,source_images/img03.bmp
super-resolved_images/img03_2_08.bmp,IMG03,2,08,0.9258299999999999,source_images/img03.bmp
super-resolved_images/img03_3_04.bmp,IMG03,3,04,0.31769000000000003,source_images/img03.bmp
super-resolved_images/img03_3_19.bmp,IMG03,3,19,0.8163699999999999,source_images/img03.bmp
super-resolved_images/img03_4_13.bmp,IMG03,4,13,0.35069,source_images/img03.bmp
super-resolved_images/img03_4_17.bmp,IMG03,4,17,0.76061,source_images/img03.bmp
super-resolved_images/img03_4_21.bmp,IMG03,4,21,0.72264,source_images/img03.bmp
super-resolved_images/img03_4_18.bmp,IMG03,4,18,0.5262399999999999,source_images/img03.bmp
super-resolved_images/img03_4_04.bmp,IMG03,4,04,0.09256,source_images/img03.bmp
super-resolved_images/img03_2_20.bmp,IMG03,2,20,0.9358299999999999,source_images/img03.bmp
super-resolved_images/img03_4_02.bmp,IMG03,4,02,0.15531,source_images/img03.bmp
super-resolved_images/img03_2_17.bmp,IMG03,2,17,0.92385,source_images/img03.bmp
super-resolved_images/img03_4_06.bmp,IMG03,4,06,0.24950999999999998,source_images/img03.bmp
super-resolved_images/img03_3_16.bmp,IMG03,3,16,0.79135,source_images/img03.bmp
super-resolved_images/img03_4_09.bmp,IMG03,4,09,0.19743,source_images/img03.bmp
super-resolved_images/img03_3_12.bmp,IMG03,3,12,0.69735,source_images/img03.bmp
super-resolved_images/img03_3_03.bmp,IMG03,3,03,0.41812,source_images/img03.bmp
super-resolved_images/img03_3_09.bmp,IMG03,3,09,0.65837,source_images/img03.bmp
super-resolved_images/img03_4_14.bmp,IMG03,4,14,0.36885,source_images/img03.bmp
super-resolved_images/img03_3_06.bmp,IMG03,3,06,0.5815600000000001,source_images/img03.bmp
super-resolved_images/img03_2_01.bmp,IMG03,2,01,0.55612,source_images/img03.bmp
super-resolved_images/img03_2_10.bmp,IMG03,2,10,0.6313300000000001,source_images/img03.bmp
super-resolved_images/img03_4_05.bmp,IMG03,4,05,0.04308,source_images/img03.bmp
super-resolved_images/img03_2_06.bmp,IMG03,2,06,0.76067,source_images/img03.bmp
super-resolved_images/img03_4_11.bmp,IMG03,4,11,0.10672999999999999,source_images/img03.bmp
super-resolved_images/img03_2_13.bmp,IMG03,2,13,0.89935,source_images/img03.bmp
super-resolved_images/img03_4_15.bmp,IMG03,4,15,0.21085,source_images/img03.bmp
super-resolved_images/img03_2_09.bmp,IMG03,2,09,0.82814,source_images/img03.bmp
super-resolved_images/img03_3_05.bmp,IMG03,3,05,0.18294000000000002,source_images/img03.bmp
super-resolved_images/img03_3_14.bmp,IMG03,3,14,0.66333,source_images/img03.bmp
super-resolved_images/img03_4_08.bmp,IMG03,4,08,0.29761,source_images/img03.bmp
super-resolved_images/img03_2_02.bmp,IMG03,2,02,0.7145600000000001,source_images/img03.bmp
super-resolved_images/img03_3_02.bmp,IMG03,3,02,0.44814,source_images/img03.bmp
super-resolved_images/img03_2_05.bmp,IMG03,2,05,0.6711,source_images/img03.bmp
super-resolved_images/img03_3_07.bmp,IMG03,3,07,0.57516,source_images/img03.bmp
super-resolved_images/img03_4_19.bmp,IMG03,4,19,0.47024,source_images/img03.bmp
super-resolved_images/img03_4_16.bmp,IMG03,4,16,0.45414,source_images/img03.bmp
super-resolved_images/img03_3_08.bmp,IMG03,3,08,0.5887600000000001,source_images/img03.bmp
super-resolved_images/img03_2_15.bmp,IMG03,2,15,0.30176,source_images/img03.bmp
super-resolved_images/img03_3_10.bmp,IMG03,3,10,0.16329000000000002,source_images/img03.bmp
super-resolved_images/img03_4_10.bmp,IMG03,4,10,0.025169999999999998,source_images/img03.bmp
super-resolved_images/img04_4_01.bmp,IMG04,4,01,0.06427000000000001,source_images/img04.bmp
super-resolved_images/img04_2_16.bmp,IMG04,2,16,0.9669,source_images/img04.bmp
super-resolved_images/img04_4_07.bmp,IMG04,4,07,0.27297,source_images/img04.bmp
super-resolved_images/img04_3_18.bmp,IMG04,3,18,0.82575,source_images/img04.bmp
super-resolved_images/img04_3_01.bmp,IMG04,3,01,0.21416,source_images/img04.bmp
super-resolved_images/img04_2_11.bmp,IMG04,2,11,0.8874799999999999,source_images/img04.bmp
super-resolved_images/img04_3_11.bmp,IMG04,3,11,0.34383,source_images/img04.bmp
super-resolved_images/img04_4_20.bmp,IMG04,4,20,0.5887399999999999,source_images/img04.bmp
super-resolved_images/img04_4_03.bmp,IMG04,4,03,0.15068,source_images/img04.bmp
super-resolved_images/img04_2_08.bmp,IMG04,2,08,0.9157299999999999,source_images/img04.bmp
super-resolved_images/img04_3_04.bmp,IMG04,3,04,0.29667,source_images/img04.bmp
super-resolved_images/img04_3_19.bmp,IMG04,3,19,0.79976,source_images/img04.bmp
super-resolved_images/img04_4_13.bmp,IMG04,4,13,0.3351,source_images/img04.bmp
super-resolved_images/img04_4_17.bmp,IMG04,4,17,0.61001,source_images/img04.bmp
super-resolved_images/img04_4_21.bmp,IMG04,4,21,0.48386999999999997,source_images/img04.bmp
super-resolved_images/img04_4_18.bmp,IMG04,4,18,0.5593100000000001,source_images/img04.bmp
super-resolved_images/img04_4_04.bmp,IMG04,4,04,0.09637000000000001,source_images/img04.bmp
super-resolved_images/img04_2_20.bmp,IMG04,2,20,0.9359,source_images/img04.bmp
super-resolved_images/img04_4_02.bmp,IMG04,4,02,0.13858,source_images/img04.bmp
super-resolved_images/img04_2_17.bmp,IMG04,2,17,0.92381,source_images/img04.bmp
super-resolved_images/img04_4_06.bmp,IMG04,4,06,0.24095,source_images/img04.bmp
super-resolved_images/img04_3_16.bmp,IMG04,3,16,0.78132,source_images/img04.bmp
super-resolved_images/img04_4_09.bmp,IMG04,4,09,0.4616,source_images/img04.bmp
super-resolved_images/img04_3_12.bmp,IMG04,3,12,0.68199,source_images/img04.bmp
super-resolved_images/img04_3_03.bmp,IMG04,3,03,0.36257,source_images/img04.bmp
super-resolved_images/img04_3_09.bmp,IMG04,3,09,0.72119,source_images/img04.bmp
super-resolved_images/img04_4_14.bmp,IMG04,4,14,0.462,source_images/img04.bmp
super-resolved_images/img04_3_06.bmp,IMG04,3,06,0.61361,source_images/img04.bmp
super-resolved_images/img04_2_01.bmp,IMG04,2,01,0.533,source_images/img04.bmp
super-resolved_images/img04_2_10.bmp,IMG04,2,10,0.46533,source_images/img04.bmp
super-resolved_images/img04_4_05.bmp,IMG04,4,05,0.03506,source_images/img04.bmp
super-resolved_images/img04_2_06.bmp,IMG04,2,06,0.68052,source_images/img04.bmp
super-resolved_images/img04_4_11.bmp,IMG04,4,11,0.08329,source_images/img04.bmp
super-resolved_images/img04_2_13.bmp,IMG04,2,13,0.91594,source_images/img04.bmp
super-resolved_images/img04_4_15.bmp,IMG04,4,15,0.18272,source_images/img04.bmp
super-resolved_images/img04_2_09.bmp,IMG04,2,09,0.83752,source_images/img04.bmp
super-resolved_images/img04_3_05.bmp,IMG04,3,05,0.18562,source_images/img04.bmp
super-resolved_images/img04_3_14.bmp,IMG04,3,14,0.68093,source_images/img04.bmp
super-resolved_images/img04_4_08.bmp,IMG04,4,08,0.31932,source_images/img04.bmp
super-resolved_images/img04_2_02.bmp,IMG04,2,02,0.7872,source_images/img04.bmp
super-resolved_images/img04_3_02.bmp,IMG04,3,02,0.42755,source_images/img04.bmp
super-resolved_images/img04_2_05.bmp,IMG04,2,05,0.63495,source_images/img04.bmp
super-resolved_images/img04_3_07.bmp,IMG04,3,07,0.5765899999999999,source_images/img04.bmp
super-resolved_images/img04_4_19.bmp,IMG04,4,19,0.52047,source_images/img04.bmp
super-resolved_images/img04_4_16.bmp,IMG04,4,16,0.40543,source_images/img04.bmp
super-resolved_images/img04_3_08.bmp,IMG04,3,08,0.68387,source_images/img04.bmp
super-resolved_images/img04_2_15.bmp,IMG04,2,15,0.6487,source_images/img04.bmp
super-resolved_images/img04_3_10.bmp,IMG04,3,10,0.23074,source_images/img04.bmp
super-resolved_images/img04_4_10.bmp,IMG04,4,10,0.03414,source_images/img04.bmp
super-resolved_images/img05_4_01.bmp,IMG05,4,01,0.05426,source_images/img05.bmp
super-resolved_images/img05_2_16.bmp,IMG05,2,16,0.9508700000000001,source_images/img05.bmp
super-resolved_images/img05_4_07.bmp,IMG05,4,07,0.38183,source_images/img05.bmp
super-resolved_images/img05_3_18.bmp,IMG05,3,18,0.71623,source_images/img05.bmp
super-resolved_images/img05_3_01.bmp,IMG05,3,01,0.18037999999999998,source_images/img05.bmp
super-resolved_images/img05_2_11.bmp,IMG05,2,11,0.9238700000000001,source_images/img05.bmp
super-resolved_images/img05_3_11.bmp,IMG05,3,11,0.2147,source_images/img05.bmp
super-resolved_images/img05_4_20.bmp,IMG05,4,20,0.46038,source_images/img05.bmp
super-resolved_images/img05_4_03.bmp,IMG05,4,03,0.18228,source_images/img05.bmp
super-resolved_images/img05_2_08.bmp,IMG05,2,08,0.90594,source_images/img05.bmp
super-resolved_images/img05_3_04.bmp,IMG05,3,04,0.2714,source_images/img05.bmp
super-resolved_images/img05_3_19.bmp,IMG05,3,19,0.71823,source_images/img05.bmp
super-resolved_images/img05_4_13.bmp,IMG05,4,13,0.38453000000000004,source_images/img05.bmp
super-resolved_images/img05_4_17.bmp,IMG05,4,17,0.5645100000000001,source_images/img05.bmp
super-resolved_images/img05_4_21.bmp,IMG05,4,21,0.8272299999999999,source_images/img05.bmp
super-resolved_images/img05_4_18.bmp,IMG05,4,18,0.47803999999999996,source_images/img05.bmp
super-resolved_images/img05_4_04.bmp,IMG05,4,04,0.09626,source_images/img05.bmp
super-resolved_images/img05_2_20.bmp,IMG05,2,20,0.91794,source_images/img05.bmp
super-resolved_images/img05_4_02.bmp,IMG05,4,02,0.15009,source_images/img05.bmp
super-resolved_images/img05_2_17.bmp,IMG05,2,17,0.8976799999999999,source_images/img05.bmp
super-resolved_images/img05_4_06.bmp,IMG05,4,06,0.24266,source_images/img05.bmp
super-resolved_images/img05_3_16.bmp,IMG05,3,16,0.73328,source_images/img05.bmp
super-resolved_images/img05_4_09.bmp,IMG05,4,09,0.34496,source_images/img05.bmp
super-resolved_images/img05_3_12.bmp,IMG05,3,12,0.66591,source_images/img05.bmp
super-resolved_images/img05_3_03.bmp,IMG05,3,03,0.45428,source_images/img05.bmp
super-resolved_images/img05_3_09.bmp,IMG05,3,09,0.6692100000000001,source_images/img05.bmp
super-resolved_images/img05_4_14.bmp,IMG05,4,14,0.38472,source_images/img05.bmp
super-resolved_images/img05_3_06.bmp,IMG05,3,06,0.50378,source_images/img05.bmp
super-resolved_images/img05_2_01.bmp,IMG05,2,01,0.41798,source_images/img05.bmp
super-resolved_images/img05_2_10.bmp,IMG05,2,10,0.74455,source_images/img05.bmp
super-resolved_images/img05_4_05.bmp,IMG05,4,05,0.057260000000000005,source_images/img05.bmp
super-resolved_images/img05_2_06.bmp,IMG05,2,06,0.7943600000000001,source_images/img05.bmp
super-resolved_images/img05_4_11.bmp,IMG05,4,11,0.16083,source_images/img05.bmp
super-resolved_images/img05_2_13.bmp,IMG05,2,13,0.9123,source_images/img05.bmp
super-resolved_images/img05_4_15.bmp,IMG05,4,15,0.23228000000000001,source_images/img05.bmp
super-resolved_images/img05_2_09.bmp,IMG05,2,09,0.8219799999999999,source_images/img05.bmp
super-resolved_images/img05_3_05.bmp,IMG05,3,05,0.22053000000000003,source_images/img05.bmp
super-resolved_images/img05_3_14.bmp,IMG05,3,14,0.62457,source_images/img05.bmp
super-resolved_images/img05_4_08.bmp,IMG05,4,08,0.35720999999999997,source_images/img05.bmp
super-resolved_images/img05_2_02.bmp,IMG05,2,02,0.75962,source_images/img05.bmp
super-resolved_images/img05_3_02.bmp,IMG05,3,02,0.39702,source_images/img05.bmp
super-resolved_images/img05_2_05.bmp,IMG05,2,05,0.7388899999999999,source_images/img05.bmp
super-resolved_images/img05_3_07.bmp,IMG05,3,07,0.60251,source_images/img05.bmp
super-resolved_images/img05_4_19.bmp,IMG05,4,19,0.46687,source_images/img05.bmp
super-resolved_images/img05_4_16.bmp,IMG05,4,16,0.44109,source_images/img05.bmp
super-resolved_images/img05_3_08.bmp,IMG05,3,08,0.62647,source_images/img05.bmp
super-resolved_images/img05_2_15.bmp,IMG05,2,15,0.76617,source_images/img05.bmp
super-resolved_images/img05_3_10.bmp,IMG05,3,10,0.07732,source_images/img05.bmp
super-resolved_images/img05_4_10.bmp,IMG05,4,10,0.029189999999999997,source_images/img05.bmp
super-resolved_images/img06_4_01.bmp,IMG06,4,01,0.05151,source_images/img06.bmp
super-resolved_images/img06_2_16.bmp,IMG06,2,16,0.97349,source_images/img06.bmp
super-resolved_images/img06_4_07.bmp,IMG06,4,07,0.30326,source_images/img06.bmp
super-resolved_images/img06_3_18.bmp,IMG06,3,18,0.76262,source_images/img06.bmp
super-resolved_images/img06_3_01.bmp,IMG06,3,01,0.22396999999999997,source_images/img06.bmp
super-resolved_images/img06_2_11.bmp,IMG06,2,11,0.88071,source_images/img06.bmp
super-resolved_images/img06_3_11.bmp,IMG06,3,11,0.36554000000000003,source_images/img06.bmp
super-resolved_images/img06_4_20.bmp,IMG06,4,20,0.6594800000000001,source_images/img06.bmp
super-resolved_images/img06_4_03.bmp,IMG06,4,03,0.13912,source_images/img06.bmp
super-resolved_images/img06_2_08.bmp,IMG06,2,08,0.87171,source_images/img06.bmp
super-resolved_images/img06_3_04.bmp,IMG06,3,04,0.27446,source_images/img06.bmp
super-resolved_images/img06_3_19.bmp,IMG06,3,19,0.8137,source_images/img06.bmp
super-resolved_images/img06_4_13.bmp,IMG06,4,13,0.34167,source_images/img06.bmp
super-resolved_images/img06_4_17.bmp,IMG06,4,17,0.67661,source_images/img06.bmp
super-resolved_images/img06_4_21.bmp,IMG06,4,21,0.54519,source_images/img06.bmp
super-resolved_images/img06_4_18.bmp,IMG06,4,18,0.57939,source_images/img06.bmp
super-resolved_images/img06_4_04.bmp,IMG06,4,04,0.06306,source_images/img06.bmp
super-resolved_images/img06_2_20.bmp,IMG06,2,20,0.9608200000000001,source_images/img06.bmp
super-resolved_images/img06_4_02.bmp,IMG06,4,02,0.1241,source_images/img06.bmp
super-resolved_images/img06_2_17.bmp,IMG06,2,17,0.8997799999999999,source_images/img06.bmp
super-resolved_images/img06_4_06.bmp,IMG06,4,06,0.25651999999999997,source_images/img06.bmp
super-resolved_images/img06_3_16.bmp,IMG06,3,16,0.73868,source_images/img06.bmp
super-resolved_images/img06_4_09.bmp,IMG06,4,09,0.27265,source_images/img06.bmp
super-resolved_images/img06_3_12.bmp,IMG06,3,12,0.64067,source_images/img06.bmp
super-resolved_images/img06_3_03.bmp,IMG06,3,03,0.40521999999999997,source_images/img06.bmp
super-resolved_images/img06_3_09.bmp,IMG06,3,09,0.6202,source_images/img06.bmp
super-resolved_images/img06_4_14.bmp,IMG06,4,14,0.4642,source_images/img06.bmp
super-resolved_images/img06_3_06.bmp,IMG06,3,06,0.5854600000000001,source_images/img06.bmp
super-resolved_images/img06_2_01.bmp,IMG06,2,01,0.5236,source_images/img06.bmp
super-resolved_images/img06_2_10.bmp,IMG06,2,10,0.76125,source_images/img06.bmp
super-resolved_images/img06_4_05.bmp,IMG06,4,05,0.04675,source_images/img06.bmp
super-resolved_images/img06_2_06.bmp,IMG06,2,06,0.9278,source_images/img06.bmp
super-resolved_images/img06_4_11.bmp,IMG06,4,11,0.09018,source_images/img06.bmp
super-resolved_images/img06_2_13.bmp,IMG06,2,13,0.90671,source_images/img06.bmp
super-resolved_images/img06_4_15.bmp,IMG06,4,15,0.16014,source_images/img06.bmp
super-resolved_images/img06_2_09.bmp,IMG06,2,09,0.83486,source_images/img06.bmp
super-resolved_images/img06_3_05.bmp,IMG06,3,05,0.23079000000000002,source_images/img06.bmp
super-resolved_images/img06_3_14.bmp,IMG06,3,14,0.70168,source_images/img06.bmp
super-resolved_images/img06_4_08.bmp,IMG06,4,08,0.2953,source_images/img06.bmp
super-resolved_images/img06_2_02.bmp,IMG06,2,02,0.76478,source_images/img06.bmp
super-resolved_images/img06_3_02.bmp,IMG06,3,02,0.37840999999999997,source_images/img06.bmp
super-resolved_images/img06_2_05.bmp,IMG06,2,05,0.7206,source_images/img06.bmp
super-resolved_images/img06_3_07.bmp,IMG06,3,07,0.50374,source_images/img06.bmp
super-resolved_images/img06_4_19.bmp,IMG06,4,19,0.5544600000000001,source_images/img06.bmp
super-resolved_images/img06_4_16.bmp,IMG06,4,16,0.46823000000000004,source_images/img06.bmp
super-resolved_images/img06_3_08.bmp,IMG06,3,08,0.52836,source_images/img06.bmp
super-resolved_images/img06_2_15.bmp,IMG06,2,15,0.36589,source_images/img06.bmp
super-resolved_images/img06_3_10.bmp,IMG06,3,10,0.2532,source_images/img06.bmp
super-resolved_images/img06_4_10.bmp,IMG06,4,10,0.06022,source_images/img06.bmp
super-resolved_images/img07_4_01.bmp,IMG07,4,01,0.04742,source_images/img07.bmp
super-resolved_images/img07_2_16.bmp,IMG07,2,16,0.9627899999999999,source_images/img07.bmp
super-resolved_images/img07_4_07.bmp,IMG07,4,07,0.3538,source_images/img07.bmp
super-resolved_images/img07_3_18.bmp,IMG07,3,18,0.77049,source_images/img07.bmp
super-resolved_images/img07_3_01.bmp,IMG07,3,01,0.14653,source_images/img07.bmp
super-resolved_images/img07_2_11.bmp,IMG07,2,11,0.9496100000000001,source_images/img07.bmp
super-resolved_images/img07_3_11.bmp,IMG07,3,11,0.39619,source_images/img07.bmp
super-resolved_images/img07_4_20.bmp,IMG07,4,20,0.52956,source_images/img07.bmp
super-resolved_images/img07_4_03.bmp,IMG07,4,03,0.14001,source_images/img07.bmp
super-resolved_images/img07_2_08.bmp,IMG07,2,08,0.90553,source_images/img07.bmp
super-resolved_images/img07_3_04.bmp,IMG07,3,04,0.27897,source_images/img07.bmp
super-resolved_images/img07_3_19.bmp,IMG07,3,19,0.75666,source_images/img07.bmp
super-resolved_images/img07_4_13.bmp,IMG07,4,13,0.38914,source_images/img07.bmp
super-resolved_images/img07_4_17.bmp,IMG07,4,17,0.64664,source_images/img07.bmp
super-resolved_images/img07_4_21.bmp,IMG07,4,21,0.82216,source_images/img07.bmp
super-resolved_images/img07_4_18.bmp,IMG07,4,18,0.5173399999999999,source_images/img07.bmp
super-resolved_images/img07_4_04.bmp,IMG07,4,04,0.09779,source_images/img07.bmp
super-resolved_images/img07_2_20.bmp,IMG07,2,20,0.93581,source_images/img07.bmp
super-resolved_images/img07_4_02.bmp,IMG07,4,02,0.12507000000000001,source_images/img07.bmp
super-resolved_images/img07_2_17.bmp,IMG07,2,17,0.8738799999999999,source_images/img07.bmp
super-resolved_images/img07_4_06.bmp,IMG07,4,06,0.30151,source_images/img07.bmp
super-resolved_images/img07_3_16.bmp,IMG07,3,16,0.76969,source_images/img07.bmp
super-resolved_images/img07_4_09.bmp,IMG07,4,09,0.32229,source_images/img07.bmp
super-resolved_images/img07_3_12.bmp,IMG07,3,12,0.68938,source_images/img07.bmp
super-resolved_images/img07_3_03.bmp,IMG07,3,03,0.3938,source_images/img07.bmp
super-resolved_images/img07_3_09.bmp,IMG07,3,09,0.64436,source_images/img07.bmp
super-resolved_images/img07_4_14.bmp,IMG07,4,14,0.47005,source_images/img07.bmp
super-resolved_images/img07_3_06.bmp,IMG07,3,06,0.53162,source_images/img07.bmp
super-resolved_images/img07_2_01.bmp,IMG07,2,01,0.39615,source_images/img07.bmp
super-resolved_images/img07_2_10.bmp,IMG07,2,10,0.7320800000000001,source_images/img07.bmp
super-resolved_images/img07_4_05.bmp,IMG07,4,05,0.03238,source_images/img07.bmp
super-resolved_images/img07_2_06.bmp,IMG07,2,06,0.8526100000000001,source_images/img07.bmp
super-resolved_images/img07_4_11.bmp,IMG07,4,11,0.17039,source_images/img07.bmp
super-resolved_images/img07_2_13.bmp,IMG07,2,13,0.89848,source_images/img07.bmp
super-resolved_images/img07_4_15.bmp,IMG07,4,15,0.19977999999999999,source_images/img07.bmp
super-resolved_images/img07_2_09.bmp,IMG07,2,09,0.81192,source_images/img07.bmp
super-resolved_images/img07_3_05.bmp,IMG07,3,05,0.10645,source_images/img07.bmp
super-resolved_images/img07_3_14.bmp,IMG07,3,14,0.6967899999999999,source_images/img07.bmp
super-resolved_images/img07_4_08.bmp,IMG07,4,08,0.35953,source_images/img07.bmp
super-resolved_images/img07_2_02.bmp,IMG07,2,02,0.70398,source_images/img07.bmp
super-resolved_images/img07_3_02.bmp,IMG07,3,02,0.28192,source_images/img07.bmp
super-resolved_images/img07_2_05.bmp,IMG07,2,05,0.51032,source_images/img07.bmp
super-resolved_images/img07_3_07.bmp,IMG07,3,07,0.58097,source_images/img07.bmp
super-resolved_images/img07_4_19.bmp,IMG07,4,19,0.47228000000000003,source_images/img07.bmp
super-resolved_images/img07_4_16.bmp,IMG07,4,16,0.54055,source_images/img07.bmp
super-resolved_images/img07_3_08.bmp,IMG07,3,08,0.64836,source_images/img07.bmp
super-resolved_images/img07_2_15.bmp,IMG07,2,15,0.51535,source_images/img07.bmp
super-resolved_images/img07_3_10.bmp,IMG07,3,10,0.23763,source_images/img07.bmp
super-resolved_images/img07_4_10.bmp,IMG07,4,10,0.06487000000000001,source_images/img07.bmp
super-resolved_images/img08_4_01.bmp,IMG08,4,01,0.052,source_images/img08.bmp
super-resolved_images/img08_2_16.bmp,IMG08,2,16,0.968,source_images/img08.bmp
super-resolved_images/img08_4_07.bmp,IMG08,4,07,0.32847,source_images/img08.bmp
super-resolved_images/img08_3_18.bmp,IMG08,3,18,0.77786,source_images/img08.bmp
super-resolved_images/img08_3_01.bmp,IMG08,3,01,0.222,source_images/img08.bmp
super-resolved_images/img08_2_11.bmp,IMG08,2,11,0.917,source_images/img08.bmp
super-resolved_images/img08_3_11.bmp,IMG08,3,11,0.452,source_images/img08.bmp
super-resolved_images/img08_4_20.bmp,IMG08,4,20,0.473,source_images/img08.bmp
super-resolved_images/img08_4_03.bmp,IMG08,4,03,0.137,source_images/img08.bmp
super-resolved_images/img08_2_08.bmp,IMG08,2,08,0.889,source_images/img08.bmp
super-resolved_images/img08_3_04.bmp,IMG08,3,04,0.30112,source_images/img08.bmp
super-resolved_images/img08_3_19.bmp,IMG08,3,19,0.7458600000000001,source_images/img08.bmp
super-resolved_images/img08_4_13.bmp,IMG08,4,13,0.313,source_images/img08.bmp
super-resolved_images/img08_4_17.bmp,IMG08,4,17,0.5778800000000001,source_images/img08.bmp
super-resolved_images/img08_4_21.bmp,IMG08,4,21,0.61951,source_images/img08.bmp
super-resolved_images/img08_4_18.bmp,IMG08,4,18,0.446,source_images/img08.bmp
super-resolved_images/img08_4_04.bmp,IMG08,4,04,0.061,source_images/img08.bmp
super-resolved_images/img08_2_20.bmp,IMG08,2,20,0.94384,source_images/img08.bmp
super-resolved_images/img08_4_02.bmp,IMG08,4,02,0.11222,source_images/img08.bmp
super-resolved_images/img08_2_17.bmp,IMG08,2,17,0.91884,source_images/img08.bmp
super-resolved_images/img08_4_06.bmp,IMG08,4,06,0.20498000000000002,source_images/img08.bmp
super-resolved_images/img08_3_16.bmp,IMG08,3,16,0.693,source_images/img08.bmp
super-resolved_images/img08_4_09.bmp,IMG08,4,09,0.31647,source_images/img08.bmp
super-resolved_images/img08_3_12.bmp,IMG08,3,12,0.61588,source_images/img08.bmp
super-resolved_images/img08_3_03.bmp,IMG08,3,03,0.42812,source_images/img08.bmp
super-resolved_images/img08_3_09.bmp,IMG08,3,09,0.6344,source_images/img08.bmp
super-resolved_images/img08_4_14.bmp,IMG08,4,14,0.4144,source_images/img08.bmp
super-resolved_images/img08_3_06.bmp,IMG08,3,06,0.54223,source_images/img08.bmp
super-resolved_images/img08_2_01.bmp,IMG08,2,01,0.60209,source_images/img08.bmp
super-resolved_images/img08_2_10.bmp,IMG08,2,10,0.714,source_images/img08.bmp
super-resolved_images/img08_4_05.bmp,IMG08,4,05,0.05365,source_images/img08.bmp
super-resolved_images/img08_2_06.bmp,IMG08,2,06,0.8618600000000001,source_images/img08.bmp
super-resolved_images/img08_4_11.bmp,IMG08,4,11,0.219,source_images/img08.bmp
super-resolved_images/img08_2_13.bmp,IMG08,2,13,0.89284,source_images/img08.bmp
super-resolved_images/img08_4_15.bmp,IMG08,4,15,0.22609,source_images/img08.bmp
super-resolved_images/img08_2_09.bmp,IMG08,2,09,0.8528399999999999,source_images/img08.bmp
super-resolved_images/img08_3_05.bmp,IMG08,3,05,0.26209,source_images/img08.bmp
super-resolved_images/img08_3_14.bmp,IMG08,3,14,0.6194,source_images/img08.bmp
super-resolved_images/img08_4_08.bmp,IMG08,4,08,0.29809,source_images/img08.bmp
super-resolved_images/img08_2_02.bmp,IMG08,2,02,0.8,source_images/img08.bmp
super-resolved_images/img08_3_02.bmp,IMG08,3,02,0.408,source_images/img08.bmp
super-resolved_images/img08_2_05.bmp,IMG08,2,05,0.7985300000000001,source_images/img08.bmp
super-resolved_images/img08_3_07.bmp,IMG08,3,07,0.62553,source_images/img08.bmp
super-resolved_images/img08_4_19.bmp,IMG08,4,19,0.33991,source_images/img08.bmp
super-resolved_images/img08_4_16.bmp,IMG08,4,16,0.423,source_images/img08.bmp
super-resolved_images/img08_3_08.bmp,IMG08,3,08,0.6631600000000001,source_images/img08.bmp
super-resolved_images/img08_2_15.bmp,IMG08,2,15,0.39916,source_images/img08.bmp
super-resolved_images/img08_3_10.bmp,IMG08,3,10,0.271,source_images/img08.bmp
super-resolved_images/img08_4_10.bmp,IMG08,4,10,0.12533,source_images/img08.bmp
super-resolved_images/img09_4_01.bmp,IMG09,4,01,0.0504,source_images/img09.bmp
super-resolved_images/img09_2_16.bmp,IMG09,2,16,0.96181,source_images/img09.bmp
super-resolved_images/img09_4_07.bmp,IMG09,4,07,0.36946999999999997,source_images/img09.bmp
super-resolved_images/img09_3_18.bmp,IMG09,3,18,0.68929,source_images/img09.bmp
super-resolved_images/img09_3_01.bmp,IMG09,3,01,0.20112,source_images/img09.bmp
super-resolved_images/img09_2_11.bmp,IMG09,2,11,0.92869,source_images/img09.bmp
super-resolved_images/img09_3_11.bmp,IMG09,3,11,0.49671000000000004,source_images/img09.bmp
super-resolved_images/img09_4_20.bmp,IMG09,4,20,0.44343,source_images/img09.bmp
super-resolved_images/img09_4_03.bmp,IMG09,4,03,0.16948,source_images/img09.bmp
super-resolved_images/img09_2_08.bmp,IMG09,2,08,0.92271,source_images/img09.bmp
super-resolved_images/img09_3_04.bmp,IMG09,3,04,0.25126,source_images/img09.bmp
super-resolved_images/img09_3_19.bmp,IMG09,3,19,0.71439,source_images/img09.bmp
super-resolved_images/img09_4_13.bmp,IMG09,4,13,0.38013,source_images/img09.bmp
super-resolved_images/img09_4_17.bmp,IMG09,4,17,0.5188,source_images/img09.bmp
super-resolved_images/img09_4_21.bmp,IMG09,4,21,0.80265,source_images/img09.bmp
super-resolved_images/img09_4_18.bmp,IMG09,4,18,0.51925,source_images/img09.bmp
super-resolved_images/img09_4_04.bmp,IMG09,4,04,0.06957999999999999,source_images/img09.bmp
super-resolved_images/img09_2_20.bmp,IMG09,2,20,0.93165,source_images/img09.bmp
super-resolved_images/img09_4_02.bmp,IMG09,4,02,0.13869,source_images/img09.bmp
super-resolved_images/img09_2_17.bmp,IMG09,2,17,0.8329700000000001,source_images/img09.bmp
super-resolved_images/img09_4_06.bmp,IMG09,4,06,0.15830999999999998,source_images/img09.bmp
super-resolved_images/img09_3_16.bmp,IMG09,3,16,0.67737,source_images/img09.bmp
super-resolved_images/img09_4_09.bmp,IMG09,4,09,0.33216,source_images/img09.bmp
super-resolved_images/img09_3_12.bmp,IMG09,3,12,0.6171800000000001,source_images/img09.bmp
super-resolved_images/img09_3_03.bmp,IMG09,3,03,0.49649,source_images/img09.bmp
super-resolved_images/img09_3_09.bmp,IMG09,3,09,0.61859,source_images/img09.bmp
super-resolved_images/img09_4_14.bmp,IMG09,4,14,0.43331000000000003,source_images/img09.bmp
super-resolved_images/img09_3_06.bmp,IMG09,3,06,0.42208,source_images/img09.bmp
super-resolved_images/img09_2_01.bmp,IMG09,2,01,0.47846000000000005,source_images/img09.bmp
super-resolved_images/img09_2_10.bmp,IMG09,2,10,0.8516,source_images/img09.bmp
super-resolved_images/img09_4_05.bmp,IMG09,4,05,0.05338,source_images/img09.bmp
super-resolved_images/img09_2_06.bmp,IMG09,2,06,0.81747,source_images/img09.bmp
super-resolved_images/img09_4_11.bmp,IMG09,4,11,0.21304,source_images/img09.bmp
super-resolved_images/img09_2_13.bmp,IMG09,2,13,0.91822,source_images/img09.bmp
super-resolved_images/img09_4_15.bmp,IMG09,4,15,0.23339000000000001,source_images/img09.bmp
super-resolved_images/img09_2_09.bmp,IMG09,2,09,0.81505,source_images/img09.bmp
super-resolved_images/img09_3_05.bmp,IMG09,3,05,0.2574,source_images/img09.bmp
super-resolved_images/img09_3_14.bmp,IMG09,3,14,0.73102,source_images/img09.bmp
super-resolved_images/img09_4_08.bmp,IMG09,4,08,0.30463,source_images/img09.bmp
super-resolved_images/img09_2_02.bmp,IMG09,2,02,0.76498,source_images/img09.bmp
super-resolved_images/img09_3_02.bmp,IMG09,3,02,0.38703000000000004,source_images/img09.bmp
super-resolved_images/img09_2_05.bmp,IMG09,2,05,0.7497,source_images/img09.bmp
super-resolved_images/img09_3_07.bmp,IMG09,3,07,0.5948100000000001,source_images/img09.bmp
super-resolved_images/img09_4_19.bmp,IMG09,4,19,0.27328,source_images/img09.bmp
super-resolved_images/img09_4_16.bmp,IMG09,4,16,0.40254,source_images/img09.bmp
super-resolved_images/img09_3_08.bmp,IMG09,3,08,0.61828,source_images/img09.bmp
super-resolved_images/img09_2_15.bmp,IMG09,2,15,0.83004,source_images/img09.bmp
super-resolved_images/img09_3_10.bmp,IMG09,3,10,0.14617,source_images/img09.bmp
super-resolved_images/img09_4_10.bmp,IMG09,4,10,0.034230000000000003,source_images/img09.bmp
super-resolved_images/img10_4_01.bmp,IMG10,4,01,0.049,source_images/img10.bmp
super-resolved_images/img10_2_16.bmp,IMG10,2,16,0.959,source_images/img10.bmp
super-resolved_images/img10_4_07.bmp,IMG10,4,07,0.364,source_images/img10.bmp
super-resolved_images/img10_3_18.bmp,IMG10,3,18,0.742,source_images/img10.bmp
super-resolved_images/img10_3_01.bmp,IMG10,3,01,0.219,source_images/img10.bmp
super-resolved_images/img10_2_11.bmp,IMG10,2,11,0.91094,source_images/img10.bmp
super-resolved_images/img10_3_11.bmp,IMG10,3,11,0.316,source_images/img10.bmp
super-resolved_images/img10_4_20.bmp,IMG10,4,20,0.509,source_images/img10.bmp
super-resolved_images/img10_4_03.bmp,IMG10,4,03,0.151,source_images/img10.bmp
super-resolved_images/img10_2_08.bmp,IMG10,2,08,0.895,source_images/img10.bmp
super-resolved_images/img10_3_04.bmp,IMG10,3,04,0.273,source_images/img10.bmp
super-resolved_images/img10_3_19.bmp,IMG10,3,19,0.781,source_images/img10.bmp
super-resolved_images/img10_4_13.bmp,IMG10,4,13,0.362,source_images/img10.bmp
super-resolved_images/img10_4_17.bmp,IMG10,4,17,0.6080399999999999,source_images/img10.bmp
super-resolved_images/img10_4_21.bmp,IMG10,4,21,0.7678699999999999,source_images/img10.bmp
super-resolved_images/img10_4_18.bmp,IMG10,4,18,0.45,source_images/img10.bmp
super-resolved_images/img10_4_04.bmp,IMG10,4,04,0.076,source_images/img10.bmp
super-resolved_images/img10_2_20.bmp,IMG10,2,20,0.935,source_images/img10.bmp
super-resolved_images/img10_4_02.bmp,IMG10,4,02,0.134,source_images/img10.bmp
super-resolved_images/img10_2_17.bmp,IMG10,2,17,0.90643,source_images/img10.bmp
super-resolved_images/img10_4_06.bmp,IMG10,4,06,0.222,source_images/img10.bmp
super-resolved_images/img10_3_16.bmp,IMG10,3,16,0.762,source_images/img10.bmp
super-resolved_images/img10_4_09.bmp,IMG10,4,09,0.29628000000000004,source_images/img10.bmp
super-resolved_images/img10_3_12.bmp,IMG10,3,12,0.658,source_images/img10.bmp
super-resolved_images/img10_3_03.bmp,IMG10,3,03,0.4445,source_images/img10.bmp
super-resolved_images/img10_3_09.bmp,IMG10,3,09,0.663,source_images/img10.bmp
super-resolved_images/img10_4_14.bmp,IMG10,4,14,0.395,source_images/img10.bmp
super-resolved_images/img10_3_06.bmp,IMG10,3,06,0.572,source_images/img10.bmp
super-resolved_images/img10_2_01.bmp,IMG10,2,01,0.494,source_images/img10.bmp
super-resolved_images/img10_2_10.bmp,IMG10,2,10,0.61,source_images/img10.bmp
super-resolved_images/img10_4_05.bmp,IMG10,4,05,0.06,source_images/img10.bmp
super-resolved_images/img10_2_06.bmp,IMG10,2,06,0.864,source_images/img10.bmp
super-resolved_images/img10_4_11.bmp,IMG10,4,11,0.177,source_images/img10.bmp
super-resolved_images/img10_2_13.bmp,IMG10,2,13,0.899,source_images/img10.bmp
super-resolved_images/img10_4_15.bmp,IMG10,4,15,0.20938,source_images/img10.bmp
super-resolved_images/img10_2_09.bmp,IMG10,2,09,0.829,source_images/img10.bmp
super-resolved_images/img10_3_05.bmp,IMG10,3,05,0.223,source_images/img10.bmp
super-resolved_images/img10_3_14.bmp,IMG10,3,14,0.6763600000000001,source_images/img10.bmp
super-resolved_images/img10_4_08.bmp,IMG10,4,08,0.29551,source_images/img10.bmp
super-resolved_images/img10_2_02.bmp,IMG10,2,02,0.754,source_images/img10.bmp
super-resolved_images/img10_3_02.bmp,IMG10,3,02,0.422,source_images/img10.bmp
super-resolved_images/img10_2_05.bmp,IMG10,2,05,0.706,source_images/img10.bmp
super-resolved_images/img10_3_07.bmp,IMG10,3,07,0.627,source_images/img10.bmp
super-resolved_images/img10_4_19.bmp,IMG10,4,19,0.402,source_images/img10.bmp
super-resolved_images/img10_4_16.bmp,IMG10,4,16,0.51066,source_images/img10.bmp
super-resolved_images/img10_3_08.bmp,IMG10,3,08,0.626,source_images/img10.bmp
super-resolved_images/img10_2_15.bmp,IMG10,2,15,0.49,source_images/img10.bmp
super-resolved_images/img10_3_10.bmp,IMG10,3,10,0.125,source_images/img10.bmp
super-resolved_images/img10_4_10.bmp,IMG10,4,10,0.045,source_images/img10.bmp
super-resolved_images/img11_4_01.bmp,IMG11,4,01,0.055060000000000005,source_images/img11.bmp
super-resolved_images/img11_2_16.bmp,IMG11,2,16,0.96896,source_images/img11.bmp
super-resolved_images/img11_4_07.bmp,IMG11,4,07,0.34160999999999997,source_images/img11.bmp
super-resolved_images/img11_3_18.bmp,IMG11,3,18,0.80961,source_images/img11.bmp
super-resolved_images/img11_3_01.bmp,IMG11,3,01,0.19629000000000002,source_images/img11.bmp
super-resolved_images/img11_2_11.bmp,IMG11,2,11,0.84459,source_images/img11.bmp
super-resolved_images/img11_3_11.bmp,IMG11,3,11,0.20847,source_images/img11.bmp
super-resolved_images/img11_4_20.bmp,IMG11,4,20,0.63535,source_images/img11.bmp
super-resolved_images/img11_4_03.bmp,IMG11,4,03,0.14524,source_images/img11.bmp
super-resolved_images/img11_2_08.bmp,IMG11,2,08,0.8969,source_images/img11.bmp
super-resolved_images/img11_3_04.bmp,IMG11,3,04,0.33365,source_images/img11.bmp
super-resolved_images/img11_3_19.bmp,IMG11,3,19,0.83173,source_images/img11.bmp
super-resolved_images/img11_4_13.bmp,IMG11,4,13,0.38037,source_images/img11.bmp
super-resolved_images/img11_4_17.bmp,IMG11,4,17,0.69753,source_images/img11.bmp
super-resolved_images/img11_4_21.bmp,IMG11,4,21,0.7307600000000001,source_images/img11.bmp
super-resolved_images/img11_4_18.bmp,IMG11,4,18,0.60329,source_images/img11.bmp
super-resolved_images/img11_4_04.bmp,IMG11,4,04,0.09614,source_images/img11.bmp
super-resolved_images/img11_2_20.bmp,IMG11,2,20,0.95796,source_images/img11.bmp
super-resolved_images/img11_4_02.bmp,IMG11,4,02,0.15527,source_images/img11.bmp
super-resolved_images/img11_2_17.bmp,IMG11,2,17,0.9127799999999999,source_images/img11.bmp
super-resolved_images/img11_4_06.bmp,IMG11,4,06,0.27553,source_images/img11.bmp
super-resolved_images/img11_3_16.bmp,IMG11,3,16,0.8115899999999999,source_images/img11.bmp
super-resolved_images/img11_4_09.bmp,IMG11,4,09,0.32656999999999997,source_images/img11.bmp
super-resolved_images/img11_3_12.bmp,IMG11,3,12,0.64435,source_images/img11.bmp
super-resolved_images/img11_3_03.bmp,IMG11,3,03,0.35565,source_images/img11.bmp
super-resolved_images/img11_3_09.bmp,IMG11,3,09,0.62329,source_images/img11.bmp
super-resolved_images/img11_4_14.bmp,IMG11,4,14,0.48602,source_images/img11.bmp
super-resolved_images/img11_3_06.bmp,IMG11,3,06,0.52312,source_images/img11.bmp
super-resolved_images/img11_2_01.bmp,IMG11,2,01,0.46203999999999995,source_images/img11.bmp
super-resolved_images/img11_2_10.bmp,IMG11,2,10,0.56324,source_images/img11.bmp
super-resolved_images/img11_4_05.bmp,IMG11,4,05,0.059120000000000006,source_images/img11.bmp
super-resolved_images/img11_2_06.bmp,IMG11,2,06,0.7622399999999999,source_images/img11.bmp
super-resolved_images/img11_4_11.bmp,IMG11,4,11,0.12137,source_images/img11.bmp
super-resolved_images/img11_2_13.bmp,IMG11,2,13,0.8798600000000001,source_images/img11.bmp
super-resolved_images/img11_4_15.bmp,IMG11,4,15,0.18737,source_images/img11.bmp
super-resolved_images/img11_2_09.bmp,IMG11,2,09,0.8470700000000001,source_images/img11.bmp
super-resolved_images/img11_3_05.bmp,IMG11,3,05,0.27460999999999997,source_images/img11.bmp
super-resolved_images/img11_3_14.bmp,IMG11,3,14,0.75537,source_images/img11.bmp
super-resolved_images/img11_4_08.bmp,IMG11,4,08,0.29557,source_images/img11.bmp
super-resolved_images/img11_2_02.bmp,IMG11,2,02,0.72051,source_images/img11.bmp
super-resolved_images/img11_3_02.bmp,IMG11,3,02,0.33076,source_images/img11.bmp
super-resolved_images/img11_2_05.bmp,IMG11,2,05,0.6421399999999999,source_images/img11.bmp
super-resolved_images/img11_3_07.bmp,IMG11,3,07,0.53196,source_images/img11.bmp
super-resolved_images/img11_4_19.bmp,IMG11,4,19,0.47896000000000005,source_images/img11.bmp
super-resolved_images/img11_4_16.bmp,IMG11,4,16,0.543,source_images/img11.bmp
super-resolved_images/img11_3_08.bmp,IMG11,3,08,0.60296,source_images/img11.bmp
super-resolved_images/img11_2_15.bmp,IMG11,2,15,0.41728999999999994,source_images/img11.bmp
super-resolved_images/img11_3_10.bmp,IMG11,3,10,0.10107999999999999,source_images/img11.bmp
super-resolved_images/img11_4_10.bmp,IMG11,4,10,0.0331,source_images/img11.bmp
super-resolved_images/img12_4_01.bmp,IMG12,4,01,0.0321,source_images/img12.bmp
super-resolved_images/img12_2_16.bmp,IMG12,2,16,0.95985,source_images/img12.bmp
super-resolved_images/img12_4_07.bmp,IMG12,4,07,0.3323,source_images/img12.bmp
super-resolved_images/img12_3_18.bmp,IMG12,3,18,0.74334,source_images/img12.bmp
super-resolved_images/img12_3_01.bmp,IMG12,3,01,0.15715,source_images/img12.bmp
super-resolved_images/img12_2_11.bmp,IMG12,2,11,0.91361,source_images/img12.bmp
super-resolved_images/img12_3_11.bmp,IMG12,3,11,0.50329,source_images/img12.bmp
super-resolved_images/img12_4_20.bmp,IMG12,4,20,0.52783,source_images/img12.bmp
super-resolved_images/img12_4_03.bmp,IMG12,4,03,0.16216,source_images/img12.bmp
super-resolved_images/img12_2_08.bmp,IMG12,2,08,0.91971,source_images/img12.bmp
super-resolved_images/img12_3_04.bmp,IMG12,3,04,0.25672,source_images/img12.bmp
super-resolved_images/img12_3_19.bmp,IMG12,3,19,0.78669,source_images/img12.bmp
super-resolved_images/img12_4_13.bmp,IMG12,4,13,0.34313,source_images/img12.bmp
super-resolved_images/img12_4_17.bmp,IMG12,4,17,0.61875,source_images/img12.bmp
super-resolved_images/img12_4_21.bmp,IMG12,4,21,0.7131,source_images/img12.bmp
super-resolved_images/img12_4_18.bmp,IMG12,4,18,0.4259,source_images/img12.bmp
super-resolved_images/img12_4_04.bmp,IMG12,4,04,0.06442,source_images/img12.bmp
super-resolved_images/img12_2_20.bmp,IMG12,2,20,0.93285,source_images/img12.bmp
super-resolved_images/img12_4_02.bmp,IMG12,4,02,0.12043,source_images/img12.bmp
super-resolved_images/img12_2_17.bmp,IMG12,2,17,0.83344,source_images/img12.bmp
super-resolved_images/img12_4_06.bmp,IMG12,4,06,0.12343,source_images/img12.bmp
super-resolved_images/img12_3_16.bmp,IMG12,3,16,0.72743,source_images/img12.bmp
super-resolved_images/img12_4_09.bmp,IMG12,4,09,0.335,source_images/img12.bmp
super-resolved_images/img12_3_12.bmp,IMG12,3,12,0.61536,source_images/img12.bmp
super-resolved_images/img12_3_03.bmp,IMG12,3,03,0.46884,source_images/img12.bmp
super-resolved_images/img12_3_09.bmp,IMG12,3,09,0.66899,source_images/img12.bmp
super-resolved_images/img12_4_14.bmp,IMG12,4,14,0.38181,source_images/img12.bmp
super-resolved_images/img12_3_06.bmp,IMG12,3,06,0.4135,source_images/img12.bmp
super-resolved_images/img12_2_01.bmp,IMG12,2,01,0.4442,source_images/img12.bmp
super-resolved_images/img12_2_10.bmp,IMG12,2,10,0.82219,source_images/img12.bmp
super-resolved_images/img12_4_05.bmp,IMG12,4,05,0.05825,source_images/img12.bmp
super-resolved_images/img12_2_06.bmp,IMG12,2,06,0.8269700000000001,source_images/img12.bmp
super-resolved_images/img12_4_11.bmp,IMG12,4,11,0.15199000000000001,source_images/img12.bmp
super-resolved_images/img12_2_13.bmp,IMG12,2,13,0.90338,source_images/img12.bmp
super-resolved_images/img12_4_15.bmp,IMG12,4,15,0.18448,source_images/img12.bmp
super-resolved_images/img12_2_09.bmp,IMG12,2,09,0.86415,source_images/img12.bmp
super-resolved_images/img12_3_05.bmp,IMG12,3,05,0.25269,source_images/img12.bmp
super-resolved_images/img12_3_14.bmp,IMG12,3,14,0.63634,source_images/img12.bmp
super-resolved_images/img12_4_08.bmp,IMG12,4,08,0.29431,source_images/img12.bmp
super-resolved_images/img12_2_02.bmp,IMG12,2,02,0.77452,source_images/img12.bmp
super-resolved_images/img12_3_02.bmp,IMG12,3,02,0.38565,source_images/img12.bmp
super-resolved_images/img12_2_05.bmp,IMG12,2,05,0.69197,source_images/img12.bmp
super-resolved_images/img12_3_07.bmp,IMG12,3,07,0.59311,source_images/img12.bmp
super-resolved_images/img12_4_19.bmp,IMG12,4,19,0.30046,source_images/img12.bmp
super-resolved_images/img12_4_16.bmp,IMG12,4,16,0.40326,source_images/img12.bmp
super-resolved_images/img12_3_08.bmp,IMG12,3,08,0.65671,source_images/img12.bmp
super-resolved_images/img12_2_15.bmp,IMG12,2,15,0.70923,source_images/img12.bmp
super-resolved_images/img12_3_10.bmp,IMG12,3,10,0.40714,source_images/img12.bmp
super-resolved_images/img12_4_10.bmp,IMG12,4,10,0.09043,source_images/img12.bmp
super-resolved_images/img13_4_01.bmp,IMG13,4,01,0.05615,source_images/img13.bmp
super-resolved_images/img13_2_16.bmp,IMG13,2,16,0.9439200000000001,source_images/img13.bmp
super-resolved_images/img13_4_07.bmp,IMG13,4,07,0.36127,source_images/img13.bmp
super-resolved_images/img13_3_18.bmp,IMG13,3,18,0.7177600000000001,source_images/img13.bmp
super-resolved_images/img13_3_01.bmp,IMG13,3,01,0.23768000000000003,source_images/img13.bmp
super-resolved_images/img13_2_11.bmp,IMG13,2,11,0.9138299999999999,source_images/img13.bmp
super-resolved_images/img13_3_11.bmp,IMG13,3,11,0.27055999999999997,source_images/img13.bmp
super-resolved_images/img13_4_20.bmp,IMG13,4,20,0.5082300000000001,source_images/img13.bmp
super-resolved_images/img13_4_03.bmp,IMG13,4,03,0.17555,source_images/img13.bmp
super-resolved_images/img13_2_08.bmp,IMG13,2,08,0.9308299999999999,source_images/img13.bmp
super-resolved_images/img13_3_04.bmp,IMG13,3,04,0.23496999999999998,source_images/img13.bmp
super-resolved_images/img13_3_19.bmp,IMG13,3,19,0.7228,source_images/img13.bmp
super-resolved_images/img13_4_13.bmp,IMG13,4,13,0.39221,source_images/img13.bmp
super-resolved_images/img13_4_17.bmp,IMG13,4,17,0.5636800000000001,source_images/img13.bmp
super-resolved_images/img13_4_21.bmp,IMG13,4,21,0.46724,source_images/img13.bmp
super-resolved_images/img13_4_18.bmp,IMG13,4,18,0.49615,source_images/img13.bmp
super-resolved_images/img13_4_04.bmp,IMG13,4,04,0.08943999999999999,source_images/img13.bmp
super-resolved_images/img13_2_20.bmp,IMG13,2,20,0.92485,source_images/img13.bmp
super-resolved_images/img13_4_02.bmp,IMG13,4,02,0.14914000000000002,source_images/img13.bmp
super-resolved_images/img13_2_17.bmp,IMG13,2,17,0.8796700000000001,source_images/img13.bmp
super-resolved_images/img13_4_06.bmp,IMG13,4,06,0.20584000000000002,source_images/img13.bmp
super-resolved_images/img13_3_16.bmp,IMG13,3,16,0.75074,source_images/img13.bmp
super-resolved_images/img13_4_09.bmp,IMG13,4,09,0.23640999999999998,source_images/img13.bmp
super-resolved_images/img13_3_12.bmp,IMG13,3,12,0.64368,source_images/img13.bmp
super-resolved_images/img13_3_03.bmp,IMG13,3,03,0.46076999999999996,source_images/img13.bmp
super-resolved_images/img13_3_09.bmp,IMG13,3,09,0.71682,source_images/img13.bmp
super-resolved_images/img13_4_14.bmp,IMG13,4,14,0.37877,source_images/img13.bmp
super-resolved_images/img13_3_06.bmp,IMG13,3,06,0.57818,source_images/img13.bmp
super-resolved_images/img13_2_01.bmp,IMG13,2,01,0.53646,source_images/img13.bmp
super-resolved_images/img13_2_10.bmp,IMG13,2,10,0.7752399999999999,source_images/img13.bmp
super-resolved_images/img13_4_05.bmp,IMG13,4,05,0.04628,source_images/img13.bmp
super-resolved_images/img13_2_06.bmp,IMG13,2,06,0.88864,source_images/img13.bmp
super-resolved_images/img13_4_11.bmp,IMG13,4,11,0.10357000000000001,source_images/img13.bmp
super-resolved_images/img13_2_13.bmp,IMG13,2,13,0.91281,source_images/img13.bmp
super-resolved_images/img13_4_15.bmp,IMG13,4,15,0.22363000000000002,source_images/img13.bmp
super-resolved_images/img13_2_09.bmp,IMG13,2,09,0.8354799999999999,source_images/img13.bmp
super-resolved_images/img13_3_05.bmp,IMG13,3,05,0.193,source_images/img13.bmp
super-resolved_images/img13_3_14.bmp,IMG13,3,14,0.64293,source_images/img13.bmp
super-resolved_images/img13_4_08.bmp,IMG13,4,08,0.3405,source_images/img13.bmp
super-resolved_images/img13_2_02.bmp,IMG13,2,02,0.79799,source_images/img13.bmp
super-resolved_images/img13_3_02.bmp,IMG13,3,02,0.42845,source_images/img13.bmp
super-resolved_images/img13_2_05.bmp,IMG13,2,05,0.70836,source_images/img13.bmp
super-resolved_images/img13_3_07.bmp,IMG13,3,07,0.60091,source_images/img13.bmp
super-resolved_images/img13_4_19.bmp,IMG13,4,19,0.28613,source_images/img13.bmp
super-resolved_images/img13_4_16.bmp,IMG13,4,16,0.42113,source_images/img13.bmp
super-resolved_images/img13_3_08.bmp,IMG13,3,08,0.61025,source_images/img13.bmp
super-resolved_images/img13_2_15.bmp,IMG13,2,15,0.80033,source_images/img13.bmp
super-resolved_images/img13_3_10.bmp,IMG13,3,10,0.39124000000000003,source_images/img13.bmp
super-resolved_images/img13_4_10.bmp,IMG13,4,10,0.03017,source_images/img13.bmp
super-resolved_images/img14_4_01.bmp,IMG14,4,01,0.05504,source_images/img14.bmp
super-resolved_images/img14_2_16.bmp,IMG14,2,16,0.96898,source_images/img14.bmp
super-resolved_images/img14_4_07.bmp,IMG14,4,07,0.39041,source_images/img14.bmp
super-resolved_images/img14_3_18.bmp,IMG14,3,18,0.7488199999999999,source_images/img14.bmp
super-resolved_images/img14_3_01.bmp,IMG14,3,01,0.28139000000000003,source_images/img14.bmp
super-resolved_images/img14_2_11.bmp,IMG14,2,11,0.9329200000000001,source_images/img14.bmp
super-resolved_images/img14_3_11.bmp,IMG14,3,11,0.30537,source_images/img14.bmp
super-resolved_images/img14_4_20.bmp,IMG14,4,20,0.51557,source_images/img14.bmp
super-resolved_images/img14_4_03.bmp,IMG14,4,03,0.16114,source_images/img14.bmp
super-resolved_images/img14_2_08.bmp,IMG14,2,08,0.9079200000000001,source_images/img14.bmp
super-resolved_images/img14_3_04.bmp,IMG14,3,04,0.20822,source_images/img14.bmp
super-resolved_images/img14_3_19.bmp,IMG14,3,19,0.75276,source_images/img14.bmp
super-resolved_images/img14_4_13.bmp,IMG14,4,13,0.32935,source_images/img14.bmp
super-resolved_images/img14_4_17.bmp,IMG14,4,17,0.57449,source_images/img14.bmp
super-resolved_images/img14_4_21.bmp,IMG14,4,21,0.7086899999999999,source_images/img14.bmp
super-resolved_images/img14_4_18.bmp,IMG14,4,18,0.49357,source_images/img14.bmp
super-resolved_images/img14_4_04.bmp,IMG14,4,04,0.07002,source_images/img14.bmp
super-resolved_images/img14_2_20.bmp,IMG14,2,20,0.9379799999999999,source_images/img14.bmp
super-resolved_images/img14_4_02.bmp,IMG14,4,02,0.1371,source_images/img14.bmp
super-resolved_images/img14_2_17.bmp,IMG14,2,17,0.9329,source_images/img14.bmp
super-resolved_images/img14_4_06.bmp,IMG14,4,06,0.15381,source_images/img14.bmp
super-resolved_images/img14_3_16.bmp,IMG14,3,16,0.74384,source_images/img14.bmp
super-resolved_images/img14_4_09.bmp,IMG14,4,09,0.30824,source_images/img14.bmp
super-resolved_images/img14_3_12.bmp,IMG14,3,12,0.61463,source_images/img14.bmp
super-resolved_images/img14_3_03.bmp,IMG14,3,03,0.46533,source_images/img14.bmp
super-resolved_images/img14_3_09.bmp,IMG14,3,09,0.63965,source_images/img14.bmp
super-resolved_images/img14_4_14.bmp,IMG14,4,14,0.40451,source_images/img14.bmp
super-resolved_images/img14_3_06.bmp,IMG14,3,06,0.44047,source_images/img14.bmp
super-resolved_images/img14_2_01.bmp,IMG14,2,01,0.54455,source_images/img14.bmp
super-resolved_images/img14_2_10.bmp,IMG14,2,10,0.7027100000000001,source_images/img14.bmp
super-resolved_images/img14_4_05.bmp,IMG14,4,05,0.07908,source_images/img14.bmp
super-resolved_images/img14_2_06.bmp,IMG14,2,06,0.80488,source_images/img14.bmp
super-resolved_images/img14_4_11.bmp,IMG14,4,11,0.1732,source_images/img14.bmp
super-resolved_images/img14_2_13.bmp,IMG14,2,13,0.88492,source_images/img14.bmp
super-resolved_images/img14_4_15.bmp,IMG14,4,15,0.23118000000000002,source_images/img14.bmp
super-resolved_images/img14_2_09.bmp,IMG14,2,09,0.81686,source_images/img14.bmp
super-resolved_images/img14_3_05.bmp,IMG14,3,05,0.34729,source_images/img14.bmp
super-resolved_images/img14_3_14.bmp,IMG14,3,14,0.70073,source_images/img14.bmp
super-resolved_images/img14_4_08.bmp,IMG14,4,08,0.31131,source_images/img14.bmp
super-resolved_images/img14_2_02.bmp,IMG14,2,02,0.7748,source_images/img14.bmp
super-resolved_images/img14_3_02.bmp,IMG14,3,02,0.39327,source_images/img14.bmp
super-resolved_images/img14_2_05.bmp,IMG14,2,05,0.82078,source_images/img14.bmp
super-resolved_images/img14_3_07.bmp,IMG14,3,07,0.65361,source_images/img14.bmp
super-resolved_images/img14_4_19.bmp,IMG14,4,19,0.35643,source_images/img14.bmp
super-resolved_images/img14_4_16.bmp,IMG14,4,16,0.47245,source_images/img14.bmp
super-resolved_images/img14_3_08.bmp,IMG14,3,08,0.62365,source_images/img14.bmp
super-resolved_images/img14_2_15.bmp,IMG14,2,15,0.61253,source_images/img14.bmp
super-resolved_images/img14_3_10.bmp,IMG14,3,10,0.09316,source_images/img14.bmp
super-resolved_images/img14_4_10.bmp,IMG14,4,10,0.040060000000000005,source_images/img14.bmp
super-resolved_images/img15_4_01.bmp,IMG15,4,01,0.06418,source_images/img15.bmp
super-resolved_images/img15_2_16.bmp,IMG15,2,16,0.9689399999999999,source_images/img15.bmp
super-resolved_images/img15_4_07.bmp,IMG15,4,07,0.36408,source_images/img15.bmp
super-resolved_images/img15_3_18.bmp,IMG15,3,18,0.72618,source_images/img15.bmp
super-resolved_images/img15_3_01.bmp,IMG15,3,01,0.22863000000000003,source_images/img15.bmp
super-resolved_images/img15_2_11.bmp,IMG15,2,11,0.8845700000000001,source_images/img15.bmp
super-resolved_images/img15_3_11.bmp,IMG15,3,11,0.26453000000000004,source_images/img15.bmp
super-resolved_images/img15_4_20.bmp,IMG15,4,20,0.5667300000000001,source_images/img15.bmp
super-resolved_images/img15_4_03.bmp,IMG15,4,03,0.17043,source_images/img15.bmp
super-resolved_images/img15_2_08.bmp,IMG15,2,08,0.88649,source_images/img15.bmp
super-resolved_images/img15_3_04.bmp,IMG15,3,04,0.25486,source_images/img15.bmp
super-resolved_images/img15_3_19.bmp,IMG15,3,19,0.7702399999999999,source_images/img15.bmp
super-resolved_images/img15_4_13.bmp,IMG15,4,13,0.35308,source_images/img15.bmp
super-resolved_images/img15_4_17.bmp,IMG15,4,17,0.622,source_images/img15.bmp
super-resolved_images/img15_4_21.bmp,IMG15,4,21,0.85367,source_images/img15.bmp
super-resolved_images/img15_4_18.bmp,IMG15,4,18,0.51655,source_images/img15.bmp
super-resolved_images/img15_4_04.bmp,IMG15,4,04,0.08216,source_images/img15.bmp
super-resolved_images/img15_2_20.bmp,IMG15,2,20,0.9659399999999999,source_images/img15.bmp
super-resolved_images/img15_4_02.bmp,IMG15,4,02,0.14347000000000001,source_images/img15.bmp
super-resolved_images/img15_2_17.bmp,IMG15,2,17,0.9148799999999999,source_images/img15.bmp
super-resolved_images/img15_4_06.bmp,IMG15,4,06,0.26173,source_images/img15.bmp
super-resolved_images/img15_3_16.bmp,IMG15,3,16,0.7834899999999999,source_images/img15.bmp
super-resolved_images/img15_4_09.bmp,IMG15,4,09,0.35198,source_images/img15.bmp
super-resolved_images/img15_3_12.bmp,IMG15,3,12,0.61388,source_images/img15.bmp
super-resolved_images/img15_3_03.bmp,IMG15,3,03,0.43731000000000003,source_images/img15.bmp
super-resolved_images/img15_3_09.bmp,IMG15,3,09,0.61098,source_images/img15.bmp
super-resolved_images/img15_4_14.bmp,IMG15,4,14,0.41043,source_images/img15.bmp
super-resolved_images/img15_3_06.bmp,IMG15,3,06,0.50755,source_images/img15.bmp
super-resolved_images/img15_2_01.bmp,IMG15,2,01,0.47431,source_images/img15.bmp
super-resolved_images/img15_2_10.bmp,IMG15,2,10,0.51453,source_images/img15.bmp
super-resolved_images/img15_4_05.bmp,IMG15,4,05,0.07929,source_images/img15.bmp
super-resolved_images/img15_2_06.bmp,IMG15,2,06,0.8436299999999999,source_images/img15.bmp
super-resolved_images/img15_4_11.bmp,IMG15,4,11,0.11145,source_images/img15.bmp
super-resolved_images/img15_2_13.bmp,IMG15,2,13,0.90271,source_images/img15.bmp
super-resolved_images/img15_4_15.bmp,IMG15,4,15,0.20237,source_images/img15.bmp
super-resolved_images/img15_2_09.bmp,IMG15,2,09,0.8135100000000001,source_images/img15.bmp
super-resolved_images/img15_3_05.bmp,IMG15,3,05,0.32111999999999996,source_images/img15.bmp
super-resolved_images/img15_3_14.bmp,IMG15,3,14,0.664,source_images/img15.bmp
super-resolved_images/img15_4_08.bmp,IMG15,4,08,0.30701999999999996,source_images/img15.bmp
super-resolved_images/img15_2_02.bmp,IMG15,2,02,0.73916,source_images/img15.bmp
super-resolved_images/img15_3_02.bmp,IMG15,3,02,0.38516,source_images/img15.bmp
super-resolved_images/img15_2_05.bmp,IMG15,2,05,0.76931,source_images/img15.bmp
super-resolved_images/img15_3_07.bmp,IMG15,3,07,0.5999800000000001,source_images/img15.bmp
super-resolved_images/img15_4_19.bmp,IMG15,4,19,0.42136999999999997,source_images/img15.bmp
super-resolved_images/img15_4_16.bmp,IMG15,4,16,0.5148199999999999,source_images/img15.bmp
super-resolved_images/img15_3_08.bmp,IMG15,3,08,0.5856899999999999,source_images/img15.bmp
super-resolved_images/img15_2_15.bmp,IMG15,2,15,0.5423899999999999,source_images/img15.bmp
super-resolved_images/img15_3_10.bmp,IMG15,3,10,0.09331,source_images/img15.bmp
super-resolved_images/img15_4_10.bmp,IMG15,4,10,0.0211,source_images/img15.bmp
super-resolved_images/img16_4_01.bmp,IMG16,4,01,0.04608,source_images/img16.bmp
super-resolved_images/img16_2_16.bmp,IMG16,2,16,0.96096,source_images/img16.bmp
super-resolved_images/img16_4_07.bmp,IMG16,4,07,0.32561,source_images/img16.bmp
super-resolved_images/img16_3_18.bmp,IMG16,3,18,0.73247,source_images/img16.bmp
super-resolved_images/img16_3_01.bmp,IMG16,3,01,0.21743,source_images/img16.bmp
super-resolved_images/img16_2_11.bmp,IMG16,2,11,0.9379200000000001,source_images/img16.bmp
super-resolved_images/img16_3_11.bmp,IMG16,3,11,0.42701999999999996,source_images/img16.bmp
super-resolved_images/img16_4_20.bmp,IMG16,4,20,0.5199600000000001,source_images/img16.bmp
super-resolved_images/img16_4_03.bmp,IMG16,4,03,0.15524000000000002,source_images/img16.bmp
super-resolved_images/img16_2_08.bmp,IMG16,2,08,0.9037799999999999,source_images/img16.bmp
super-resolved_images/img16_3_04.bmp,IMG16,3,04,0.24961,source_images/img16.bmp
super-resolved_images/img16_3_19.bmp,IMG16,3,19,0.74139,source_images/img16.bmp
super-resolved_images/img16_4_13.bmp,IMG16,4,13,0.32959,source_images/img16.bmp
super-resolved_images/img16_4_17.bmp,IMG16,4,17,0.5951,source_images/img16.bmp
super-resolved_images/img16_4_21.bmp,IMG16,4,21,0.70047,source_images/img16.bmp
super-resolved_images/img16_4_18.bmp,IMG16,4,18,0.54002,source_images/img16.bmp
super-resolved_images/img16_4_04.bmp,IMG16,4,04,0.07114,source_images/img16.bmp
super-resolved_images/img16_2_20.bmp,IMG16,2,20,0.90996,source_images/img16.bmp
super-resolved_images/img16_4_02.bmp,IMG16,4,02,0.13922,source_images/img16.bmp
super-resolved_images/img16_2_17.bmp,IMG16,2,17,0.9128799999999999,source_images/img16.bmp
super-resolved_images/img16_4_06.bmp,IMG16,4,06,0.24739,source_images/img16.bmp
super-resolved_images/img16_3_16.bmp,IMG16,3,16,0.75047,source_images/img16.bmp
super-resolved_images/img16_4_09.bmp,IMG16,4,09,0.36559,source_images/img16.bmp
super-resolved_images/img16_3_12.bmp,IMG16,3,12,0.66314,source_images/img16.bmp
super-resolved_images/img16_3_03.bmp,IMG16,3,03,0.43596,source_images/img16.bmp
super-resolved_images/img16_3_09.bmp,IMG16,3,09,0.66318,source_images/img16.bmp
super-resolved_images/img16_4_14.bmp,IMG16,4,14,0.32571,source_images/img16.bmp
super-resolved_images/img16_3_06.bmp,IMG16,3,06,0.56094,source_images/img16.bmp
super-resolved_images/img16_2_01.bmp,IMG16,2,01,0.46018000000000003,source_images/img16.bmp
super-resolved_images/img16_2_10.bmp,IMG16,2,10,0.74863,source_images/img16.bmp
super-resolved_images/img16_4_05.bmp,IMG16,4,05,0.056139999999999995,source_images/img16.bmp
super-resolved_images/img16_2_06.bmp,IMG16,2,06,0.86965,source_images/img16.bmp
super-resolved_images/img16_4_11.bmp,IMG16,4,11,0.1072,source_images/img16.bmp
super-resolved_images/img16_2_13.bmp,IMG16,2,13,0.9057799999999999,source_images/img16.bmp
super-resolved_images/img16_4_15.bmp,IMG16,4,15,0.17737,source_images/img16.bmp
super-resolved_images/img16_2_09.bmp,IMG16,2,09,0.82157,source_images/img16.bmp
super-resolved_images/img16_3_05.bmp,IMG16,3,05,0.37096,source_images/img16.bmp
super-resolved_images/img16_3_14.bmp,IMG16,3,14,0.65745,source_images/img16.bmp
super-resolved_images/img16_4_08.bmp,IMG16,4,08,0.28749,source_images/img16.bmp
super-resolved_images/img16_2_02.bmp,IMG16,2,02,0.81667,source_images/img16.bmp
super-resolved_images/img16_3_02.bmp,IMG16,3,02,0.3938,source_images/img16.bmp
super-resolved_images/img16_2_05.bmp,IMG16,2,05,0.76871,source_images/img16.bmp
super-resolved_images/img16_3_07.bmp,IMG16,3,07,0.5594899999999999,source_images/img16.bmp
super-resolved_images/img16_4_19.bmp,IMG16,4,19,0.41935,source_images/img16.bmp
super-resolved_images/img16_4_16.bmp,IMG16,4,16,0.44383999999999996,source_images/img16.bmp
super-resolved_images/img16_3_08.bmp,IMG16,3,08,0.6222,source_images/img16.bmp
super-resolved_images/img16_2_15.bmp,IMG16,2,15,0.50343,source_images/img16.bmp
super-resolved_images/img16_3_10.bmp,IMG16,3,10,0.1251,source_images/img16.bmp
super-resolved_images/img16_4_10.bmp,IMG16,4,10,0.057179999999999995,source_images/img16.bmp
super-resolved_images/img17_4_01.bmp,IMG17,4,01,0.059079999999999994,source_images/img17.bmp
super-resolved_images/img17_2_16.bmp,IMG17,2,16,0.96498,source_images/img17.bmp
super-resolved_images/img17_4_07.bmp,IMG17,4,07,0.37529,source_images/img17.bmp
super-resolved_images/img17_3_18.bmp,IMG17,3,18,0.75773,source_images/img17.bmp
super-resolved_images/img17_3_01.bmp,IMG17,3,01,0.23531,source_images/img17.bmp
super-resolved_images/img17_2_11.bmp,IMG17,2,11,0.9209,source_images/img17.bmp
super-resolved_images/img17_3_11.bmp,IMG17,3,11,0.54267,source_images/img17.bmp
super-resolved_images/img17_4_20.bmp,IMG17,4,20,0.41226999999999997,source_images/img17.bmp
super-resolved_images/img17_4_03.bmp,IMG17,4,03,0.161,source_images/img17.bmp
super-resolved_images/img17_2_08.bmp,IMG17,2,08,0.9029,source_images/img17.bmp
super-resolved_images/img17_3_04.bmp,IMG17,3,04,0.29,source_images/img17.bmp
super-resolved_images/img17_3_19.bmp,IMG17,3,19,0.74778,source_images/img17.bmp
super-resolved_images/img17_4_13.bmp,IMG17,4,13,0.345,source_images/img17.bmp
super-resolved_images/img17_4_17.bmp,IMG17,4,17,0.50461,source_images/img17.bmp
super-resolved_images/img17_4_21.bmp,IMG17,4,21,0.25759,source_images/img17.bmp
super-resolved_images/img17_4_18.bmp,IMG17,4,18,0.43456999999999996,source_images/img17.bmp
super-resolved_images/img17_4_04.bmp,IMG17,4,04,0.07504,source_images/img17.bmp
super-resolved_images/img17_2_20.bmp,IMG17,2,20,0.9547200000000001,source_images/img17.bmp
super-resolved_images/img17_4_02.bmp,IMG17,4,02,0.1501,source_images/img17.bmp
super-resolved_images/img17_2_17.bmp,IMG17,2,17,0.88194,source_images/img17.bmp
super-resolved_images/img17_4_06.bmp,IMG17,4,06,0.29122,source_images/img17.bmp
super-resolved_images/img17_3_16.bmp,IMG17,3,16,0.72973,source_images/img17.bmp
super-resolved_images/img17_4_09.bmp,IMG17,4,09,0.3292,source_images/img17.bmp
super-resolved_images/img17_3_12.bmp,IMG17,3,12,0.66,source_images/img17.bmp
super-resolved_images/img17_3_03.bmp,IMG17,3,03,0.45937,source_images/img17.bmp
super-resolved_images/img17_3_09.bmp,IMG17,3,09,0.66771,source_images/img17.bmp
super-resolved_images/img17_4_14.bmp,IMG17,4,14,0.31418,source_images/img17.bmp
super-resolved_images/img17_3_06.bmp,IMG17,3,06,0.63069,source_images/img17.bmp
super-resolved_images/img17_2_01.bmp,IMG17,2,01,0.55945,source_images/img17.bmp
super-resolved_images/img17_2_10.bmp,IMG17,2,10,0.79086,source_images/img17.bmp
super-resolved_images/img17_4_05.bmp,IMG17,4,05,0.04202,source_images/img17.bmp
super-resolved_images/img17_2_06.bmp,IMG17,2,06,0.88284,source_images/img17.bmp
super-resolved_images/img17_4_11.bmp,IMG17,4,11,0.13512000000000002,source_images/img17.bmp
super-resolved_images/img17_2_13.bmp,IMG17,2,13,0.90996,source_images/img17.bmp
super-resolved_images/img17_4_15.bmp,IMG17,4,15,0.20115999999999998,source_images/img17.bmp
super-resolved_images/img17_2_09.bmp,IMG17,2,09,0.84288,source_images/img17.bmp
super-resolved_images/img17_3_05.bmp,IMG17,3,05,0.23014,source_images/img17.bmp
super-resolved_images/img17_3_14.bmp,IMG17,3,14,0.68453,source_images/img17.bmp
super-resolved_images/img17_4_08.bmp,IMG17,4,08,0.33139,source_images/img17.bmp
super-resolved_images/img17_2_02.bmp,IMG17,2,02,0.80982,source_images/img17.bmp
super-resolved_images/img17_3_02.bmp,IMG17,3,02,0.50143,source_images/img17.bmp
super-resolved_images/img17_2_05.bmp,IMG17,2,05,0.7048,source_images/img17.bmp
super-resolved_images/img17_3_07.bmp,IMG17,3,07,0.5815100000000001,source_images/img17.bmp
super-resolved_images/img17_4_19.bmp,IMG17,4,19,0.34641,source_images/img17.bmp
super-resolved_images/img17_4_16.bmp,IMG17,4,16,0.35035,source_images/img17.bmp
super-resolved_images/img17_3_08.bmp,IMG17,3,08,0.60249,source_images/img17.bmp
super-resolved_images/img17_2_15.bmp,IMG17,2,15,0.50047,source_images/img17.bmp
super-resolved_images/img17_3_10.bmp,IMG17,3,10,0.32724000000000003,source_images/img17.bmp
super-resolved_images/img17_4_10.bmp,IMG17,4,10,0.054060000000000004,source_images/img17.bmp
super-resolved_images/img18_4_01.bmp,IMG18,4,01,0.05421,source_images/img18.bmp
super-resolved_images/img18_2_16.bmp,IMG18,2,16,0.9589,source_images/img18.bmp
super-resolved_images/img18_4_07.bmp,IMG18,4,07,0.37224,source_images/img18.bmp
super-resolved_images/img18_3_18.bmp,IMG18,3,18,0.72812,source_images/img18.bmp
super-resolved_images/img18_3_01.bmp,IMG18,3,01,0.21014000000000002,source_images/img18.bmp
super-resolved_images/img18_2_11.bmp,IMG18,2,11,0.91259,source_images/img18.bmp
super-resolved_images/img18_3_11.bmp,IMG18,3,11,0.398,source_images/img18.bmp
super-resolved_images/img18_4_20.bmp,IMG18,4,20,0.51276,source_images/img18.bmp
super-resolved_images/img18_4_03.bmp,IMG18,4,03,0.15656,source_images/img18.bmp
super-resolved_images/img18_2_08.bmp,IMG18,2,08,0.9396700000000001,source_images/img18.bmp
super-resolved_images/img18_3_04.bmp,IMG18,3,04,0.26350999999999997,source_images/img18.bmp
super-resolved_images/img18_3_19.bmp,IMG18,3,19,0.73197,source_images/img18.bmp
super-resolved_images/img18_4_13.bmp,IMG18,4,13,0.37096,source_images/img18.bmp
super-resolved_images/img18_4_17.bmp,IMG18,4,17,0.62349,source_images/img18.bmp
super-resolved_images/img18_4_21.bmp,IMG18,4,21,0.69285,source_images/img18.bmp
super-resolved_images/img18_4_18.bmp,IMG18,4,18,0.45138999999999996,source_images/img18.bmp
super-resolved_images/img18_4_04.bmp,IMG18,4,04,0.08628999999999999,source_images/img18.bmp
super-resolved_images/img18_2_20.bmp,IMG18,2,20,0.9419,source_images/img18.bmp
super-resolved_images/img18_4_02.bmp,IMG18,4,02,0.13526,source_images/img18.bmp
super-resolved_images/img18_2_17.bmp,IMG18,2,17,0.89769,source_images/img18.bmp
super-resolved_images/img18_4_06.bmp,IMG18,4,06,0.20703000000000002,source_images/img18.bmp
super-resolved_images/img18_3_16.bmp,IMG18,3,16,0.7371,source_images/img18.bmp
super-resolved_images/img18_4_09.bmp,IMG18,4,09,0.38434,source_images/img18.bmp
super-resolved_images/img18_3_12.bmp,IMG18,3,12,0.60834,source_images/img18.bmp
super-resolved_images/img18_3_03.bmp,IMG18,3,03,0.41936,source_images/img18.bmp
super-resolved_images/img18_3_09.bmp,IMG18,3,09,0.6206699999999999,source_images/img18.bmp
super-resolved_images/img18_4_14.bmp,IMG18,4,14,0.46798999999999996,source_images/img18.bmp
super-resolved_images/img18_3_06.bmp,IMG18,3,06,0.45058000000000004,source_images/img18.bmp
super-resolved_images/img18_2_01.bmp,IMG18,2,01,0.38166,source_images/img18.bmp
super-resolved_images/img18_2_10.bmp,IMG18,2,10,0.74553,source_images/img18.bmp
super-resolved_images/img18_4_05.bmp,IMG18,4,05,0.062270000000000006,source_images/img18.bmp
super-resolved_images/img18_2_06.bmp,IMG18,2,06,0.80323,source_images/img18.bmp
super-resolved_images/img18_4_11.bmp,IMG18,4,11,0.1988,source_images/img18.bmp
super-resolved_images/img18_2_13.bmp,IMG18,2,13,0.91459,source_images/img18.bmp
super-resolved_images/img18_4_15.bmp,IMG18,4,15,0.25297,source_images/img18.bmp
super-resolved_images/img18_2_09.bmp,IMG18,2,09,0.8433,source_images/img18.bmp
super-resolved_images/img18_3_05.bmp,IMG18,3,05,0.27412,source_images/img18.bmp
super-resolved_images/img18_3_14.bmp,IMG18,3,14,0.72477,source_images/img18.bmp
super-resolved_images/img18_4_08.bmp,IMG18,4,08,0.31664000000000003,source_images/img18.bmp
super-resolved_images/img18_2_02.bmp,IMG18,2,02,0.7268600000000001,source_images/img18.bmp
super-resolved_images/img18_3_02.bmp,IMG18,3,02,0.37158,source_images/img18.bmp
super-resolved_images/img18_2_05.bmp,IMG18,2,05,0.69323,source_images/img18.bmp
super-resolved_images/img18_3_07.bmp,IMG18,3,07,0.6218600000000001,source_images/img18.bmp
super-resolved_images/img18_4_19.bmp,IMG18,4,19,0.3179,source_images/img18.bmp
super-resolved_images/img18_4_16.bmp,IMG18,4,16,0.47641000000000006,source_images/img18.bmp
super-resolved_images/img18_3_08.bmp,IMG18,3,08,0.6763600000000001,source_images/img18.bmp
super-resolved_images/img18_2_15.bmp,IMG18,2,15,0.77484,source_images/img18.bmp
super-resolved_images/img18_3_10.bmp,IMG18,3,10,0.12759,source_images/img18.bmp
super-resolved_images/img18_4_10.bmp,IMG18,4,10,0.032060000000000005,source_images/img18.bmp
super-resolved_images/img19_4_01.bmp,IMG19,4,01,0.035,source_images/img19.bmp
super-resolved_images/img19_2_16.bmp,IMG19,2,16,0.931,source_images/img19.bmp
super-resolved_images/img19_4_07.bmp,IMG19,4,07,0.341,source_images/img19.bmp
super-resolved_images/img19_3_18.bmp,IMG19,3,18,0.769,source_images/img19.bmp
super-resolved_images/img19_3_01.bmp,IMG19,3,01,0.161,source_images/img19.bmp
super-resolved_images/img19_2_11.bmp,IMG19,2,11,0.864,source_images/img19.bmp
super-resolved_images/img19_3_11.bmp,IMG19,3,11,0.376,source_images/img19.bmp
super-resolved_images/img19_4_20.bmp,IMG19,4,20,0.63667,source_images/img19.bmp
super-resolved_images/img19_4_03.bmp,IMG19,4,03,0.136,source_images/img19.bmp
super-resolved_images/img19_2_08.bmp,IMG19,2,08,0.891,source_images/img19.bmp
super-resolved_images/img19_3_04.bmp,IMG19,3,04,0.22737,source_images/img19.bmp
super-resolved_images/img19_3_19.bmp,IMG19,3,19,0.797,source_images/img19.bmp
super-resolved_images/img19_4_13.bmp,IMG19,4,13,0.357,source_images/img19.bmp
super-resolved_images/img19_4_17.bmp,IMG19,4,17,0.812,source_images/img19.bmp
super-resolved_images/img19_4_21.bmp,IMG19,4,21,0.601,source_images/img19.bmp
super-resolved_images/img19_4_18.bmp,IMG19,4,18,0.538,source_images/img19.bmp
super-resolved_images/img19_4_04.bmp,IMG19,4,04,0.073,source_images/img19.bmp
super-resolved_images/img19_2_20.bmp,IMG19,2,20,0.901,source_images/img19.bmp
super-resolved_images/img19_4_02.bmp,IMG19,4,02,0.11,source_images/img19.bmp
super-resolved_images/img19_2_17.bmp,IMG19,2,17,0.94,source_images/img19.bmp
super-resolved_images/img19_4_06.bmp,IMG19,4,06,0.25,source_images/img19.bmp
super-resolved_images/img19_3_16.bmp,IMG19,3,16,0.777,source_images/img19.bmp
super-resolved_images/img19_4_09.bmp,IMG19,4,09,0.443,source_images/img19.bmp
super-resolved_images/img19_3_12.bmp,IMG19,3,12,0.611,source_images/img19.bmp
super-resolved_images/img19_3_03.bmp,IMG19,3,03,0.361,source_images/img19.bmp
super-resolved_images/img19_3_09.bmp,IMG19,3,09,0.669,source_images/img19.bmp
super-resolved_images/img19_4_14.bmp,IMG19,4,14,0.50947,source_images/img19.bmp
super-resolved_images/img19_3_06.bmp,IMG19,3,06,0.536,source_images/img19.bmp
super-resolved_images/img19_2_01.bmp,IMG19,2,01,0.383,source_images/img19.bmp
super-resolved_images/img19_2_10.bmp,IMG19,2,10,0.78,source_images/img19.bmp
super-resolved_images/img19_4_05.bmp,IMG19,4,05,0.04,source_images/img19.bmp
super-resolved_images/img19_2_06.bmp,IMG19,2,06,0.809,source_images/img19.bmp
super-resolved_images/img19_4_11.bmp,IMG19,4,11,0.147,source_images/img19.bmp
super-resolved_images/img19_2_13.bmp,IMG19,2,13,0.864,source_images/img19.bmp
super-resolved_images/img19_4_15.bmp,IMG19,4,15,0.183,source_images/img19.bmp
super-resolved_images/img19_2_09.bmp,IMG19,2,09,0.817,source_images/img19.bmp
super-resolved_images/img19_3_05.bmp,IMG19,3,05,0.19,source_images/img19.bmp
super-resolved_images/img19_3_14.bmp,IMG19,3,14,0.683,source_images/img19.bmp
super-resolved_images/img19_4_08.bmp,IMG19,4,08,0.29158,source_images/img19.bmp
super-resolved_images/img19_2_02.bmp,IMG19,2,02,0.645,source_images/img19.bmp
super-resolved_images/img19_3_02.bmp,IMG19,3,02,0.316,source_images/img19.bmp
super-resolved_images/img19_2_05.bmp,IMG19,2,05,0.549,source_images/img19.bmp
super-resolved_images/img19_3_07.bmp,IMG19,3,07,0.551,source_images/img19.bmp
super-resolved_images/img19_4_19.bmp,IMG19,4,19,0.326,source_images/img19.bmp
super-resolved_images/img19_4_16.bmp,IMG19,4,16,0.50556,source_images/img19.bmp
super-resolved_images/img19_3_08.bmp,IMG19,3,08,0.5515800000000001,source_images/img19.bmp
super-resolved_images/img19_2_15.bmp,IMG19,2,15,0.8136800000000001,source_images/img19.bmp
super-resolved_images/img19_3_10.bmp,IMG19,3,10,0.283,source_images/img19.bmp
super-resolved_images/img19_4_10.bmp,IMG19,4,10,0.068,source_images/img19.bmp
super-resolved_images/img20_4_01.bmp,IMG20,4,01,0.04406,source_images/img20.bmp
super-resolved_images/img20_2_16.bmp,IMG20,2,16,0.94296,source_images/img20.bmp
super-resolved_images/img20_4_07.bmp,IMG20,4,07,0.34571,source_images/img20.bmp
super-resolved_images/img20_3_18.bmp,IMG20,3,18,0.71753,source_images/img20.bmp
super-resolved_images/img20_3_01.bmp,IMG20,3,01,0.16233,source_images/img20.bmp
super-resolved_images/img20_2_11.bmp,IMG20,2,11,0.89476,source_images/img20.bmp
super-resolved_images/img20_3_11.bmp,IMG20,3,11,0.4679,source_images/img20.bmp
super-resolved_images/img20_4_20.bmp,IMG20,4,20,0.3729,source_images/img20.bmp
super-resolved_images/img20_4_03.bmp,IMG20,4,03,0.13424,source_images/img20.bmp
super-resolved_images/img20_2_08.bmp,IMG20,2,08,0.8978200000000001,source_images/img20.bmp
super-resolved_images/img20_3_04.bmp,IMG20,3,04,0.32161,source_images/img20.bmp
super-resolved_images/img20_3_19.bmp,IMG20,3,19,0.70955,source_images/img20.bmp
super-resolved_images/img20_4_13.bmp,IMG20,4,13,0.29463,source_images/img20.bmp
super-resolved_images/img20_4_17.bmp,IMG20,4,17,0.61522,source_images/img20.bmp
super-resolved_images/img20_4_21.bmp,IMG20,4,21,0.61805,source_images/img20.bmp
super-resolved_images/img20_4_18.bmp,IMG20,4,18,0.39292,source_images/img20.bmp
super-resolved_images/img20_4_04.bmp,IMG20,4,04,0.08417999999999999,source_images/img20.bmp
super-resolved_images/img20_2_20.bmp,IMG20,2,20,0.9079,source_images/img20.bmp
super-resolved_images/img20_4_02.bmp,IMG20,4,02,0.11424000000000001,source_images/img20.bmp
super-resolved_images/img20_2_17.bmp,IMG20,2,17,0.8537600000000001,source_images/img20.bmp
super-resolved_images/img20_4_06.bmp,IMG20,4,06,0.17507999999999999,source_images/img20.bmp
super-resolved_images/img20_3_16.bmp,IMG20,3,16,0.72547,source_images/img20.bmp
super-resolved_images/img20_4_09.bmp,IMG20,4,09,0.33655,source_images/img20.bmp
super-resolved_images/img20_3_12.bmp,IMG20,3,12,0.65935,source_images/img20.bmp
super-resolved_images/img20_3_03.bmp,IMG20,3,03,0.48982,source_images/img20.bmp
super-resolved_images/img20_3_09.bmp,IMG20,3,09,0.63122,source_images/img20.bmp
super-resolved_images/img20_4_14.bmp,IMG20,4,14,0.40192,source_images/img20.bmp
super-resolved_images/img20_3_06.bmp,IMG20,3,06,0.52412,source_images/img20.bmp
super-resolved_images/img20_2_01.bmp,IMG20,2,01,0.4439,source_images/img20.bmp
super-resolved_images/img20_2_10.bmp,IMG20,2,10,0.81067,source_images/img20.bmp
super-resolved_images/img20_4_05.bmp,IMG20,4,05,0.05014,source_images/img20.bmp
super-resolved_images/img20_2_06.bmp,IMG20,2,06,0.9077299999999999,source_images/img20.bmp
super-resolved_images/img20_4_11.bmp,IMG20,4,11,0.17043,source_images/img20.bmp
super-resolved_images/img20_2_13.bmp,IMG20,2,13,0.9029200000000001,source_images/img20.bmp
super-resolved_images/img20_4_15.bmp,IMG20,4,15,0.21414,source_images/img20.bmp
super-resolved_images/img20_2_09.bmp,IMG20,2,09,0.82876,source_images/img20.bmp
super-resolved_images/img20_3_05.bmp,IMG20,3,05,0.23453000000000002,source_images/img20.bmp
super-resolved_images/img20_3_14.bmp,IMG20,3,14,0.69939,source_images/img20.bmp
super-resolved_images/img20_4_08.bmp,IMG20,4,08,0.30485,source_images/img20.bmp
super-resolved_images/img20_2_02.bmp,IMG20,2,02,0.74161,source_images/img20.bmp
super-resolved_images/img20_3_02.bmp,IMG20,3,02,0.44998,source_images/img20.bmp
super-resolved_images/img20_2_05.bmp,IMG20,2,05,0.66437,source_images/img20.bmp
super-resolved_images/img20_3_07.bmp,IMG20,3,07,0.65227,source_images/img20.bmp
super-resolved_images/img20_4_19.bmp,IMG20,4,19,0.31771,source_images/img20.bmp
super-resolved_images/img20_4_16.bmp,IMG20,4,16,0.40992,source_images/img20.bmp
super-resolved_images/img20_3_08.bmp,IMG20,3,08,0.62627,source_images/img20.bmp
super-resolved_images/img20_2_15.bmp,IMG20,2,15,0.91696,source_images/img20.bmp
super-resolved_images/img20_3_10.bmp,IMG20,3,10,0.26927,source_images/img20.bmp
super-resolved_images/img20_4_10.bmp,IMG20,4,10,0.03304,source_images/img20.bmp
